status,duration,credit_history,purpose,amount,savings,employment_duration,installment_rate,personal_status_sex,other_debtors,present_residence,property,age,other_installment_plans,housing,number_credits,job,people_liable,telephone,foreign_worker,age_original,credit_risk,personal_status_sex_age_combined
... < 100 DM,6,critical account/other credits existing,domestic appliances,1169,unknown/no savings account,... >= 7 years,4,male : single,none,4,real estate,Late-Career,none,own,2,skilled employee/official,1,yes,yes,67,1,male : single_Late-Career
0 <= ... < 200 DM,48,existing credits paid back duly till now,domestic appliances,5951,... < 100 DM,1 <= ... < 4 years,2,female : divorced/separated/married,none,2,real estate,Young,none,own,1,skilled employee/official,1,no,yes,22,0,female : divorced/separated/married_Young
no checking account,12,critical account/other credits existing,retraining,2096,... < 100 DM,4 <= ... < 7 years,2,male : single,none,3,real estate,Mid-Career,none,own,1,unskilled - resident,2,no,yes,49,1,male : single_Mid-Career
... < 100 DM,42,existing credits paid back duly till now,radio/television,7882,... < 100 DM,4 <= ... < 7 years,2,male : single,guarantor,4,building society savings agreement/life insurance,Mid-Career,none,for free,1,skilled employee/official,2,no,yes,45,1,male : single_Mid-Career
... < 100 DM,24,delay in paying off in the past,car (new),4870,... < 100 DM,1 <= ... < 4 years,3,male : single,none,4,unknown/no property,Mid-Career,none,for free,2,skilled employee/official,2,no,yes,53,0,male : single_Mid-Career
no checking account,36,existing credits paid back duly till now,retraining,9055,unknown/no savings account,1 <= ... < 4 years,2,male : single,none,4,unknown/no property,Early-Middle,none,for free,1,unskilled - resident,2,yes,yes,35,1,male : single_Early-Middle
no checking account,24,existing credits paid back duly till now,radio/television,2835,500 <= ... < 1000 DM,... >= 7 years,3,male : single,none,4,building society savings agreement/life insurance,Mid-Career,none,own,1,skilled employee/official,1,no,yes,53,1,male : single_Mid-Career
0 <= ... < 200 DM,36,existing credits paid back duly till now,car (used),6948,... < 100 DM,1 <= ... < 4 years,2,male : single,none,2,car or other,Early-Middle,none,rent,1,management/self-employed/highly qualified employee/officer,1,yes,yes,35,1,male : single_Early-Middle
no checking account,12,existing credits paid back duly till now,domestic appliances,3059,... >= 1000 DM,4 <= ... < 7 years,2,male : divorced/separated,none,4,real estate,Late-Career,none,own,1,unskilled - resident,1,no,yes,61,1,male : divorced/separated_Late-Career
0 <= ... < 200 DM,30,critical account/other credits existing,car (new),5234,... < 100 DM,unemployed,4,male : married/widowed,none,2,car or other,Young,none,own,2,management/self-employed/highly qualified employee/officer,1,no,yes,28,0,male : married/widowed_Young
0 <= ... < 200 DM,12,existing credits paid back duly till now,car (new),1295,... < 100 DM,... < 1 year,3,female : divorced/separated/married,none,1,car or other,Young,none,rent,1,skilled employee/official,1,no,yes,25,0,female : divorced/separated/married_Young
... < 100 DM,48,existing credits paid back duly till now,others,4308,... < 100 DM,... < 1 year,3,female : divorced/separated/married,none,4,building society savings agreement/life insurance,Young,none,rent,1,skilled employee/official,1,no,yes,24,0,female : divorced/separated/married_Young
0 <= ... < 200 DM,12,existing credits paid back duly till now,domestic appliances,1567,... < 100 DM,1 <= ... < 4 years,1,female : divorced/separated/married,none,1,car or other,Young,none,own,1,skilled employee/official,1,yes,yes,22,1,female : divorced/separated/married_Young
... < 100 DM,24,critical account/other credits existing,car (new),1199,... < 100 DM,... >= 7 years,4,male : single,none,4,car or other,Late-Career,none,own,2,unskilled - resident,1,no,yes,60,0,male : single_Late-Career
... < 100 DM,15,existing credits paid back duly till now,car (new),1403,... < 100 DM,1 <= ... < 4 years,2,female : divorced/separated/married,none,4,car or other,Young,none,rent,1,skilled employee/official,1,no,yes,28,1,female : divorced/separated/married_Young
... < 100 DM,24,existing credits paid back duly till now,domestic appliances,1282,100 <= ... < 500 DM,1 <= ... < 4 years,4,female : divorced/separated/married,none,2,car or other,Early-Middle,none,own,1,unskilled - resident,1,no,yes,32,0,female : divorced/separated/married_Early-Middle
no checking account,24,critical account/other credits existing,domestic appliances,2424,unknown/no savings account,... >= 7 years,4,male : single,none,4,building society savings agreement/life insurance,Mid-Career,none,own,2,skilled employee/official,1,no,yes,53,1,male : single_Mid-Career
... < 100 DM,30,no credits taken/all credits paid back duly,others,8072,unknown/no savings account,... < 1 year,2,male : single,none,3,car or other,Young,bank,own,3,skilled employee/official,1,no,yes,25,1,male : single_Young
0 <= ... < 200 DM,24,existing credits paid back duly till now,car (used),12579,... < 100 DM,... >= 7 years,4,female : divorced/separated/married,none,2,unknown/no property,Mid-Career,none,for free,1,management/self-employed/highly qualified employee/officer,1,yes,yes,44,0,female : divorced/separated/married_Mid-Career
no checking account,24,existing credits paid back duly till now,domestic appliances,3430,500 <= ... < 1000 DM,... >= 7 years,3,male : single,none,2,car or other,Early-Middle,none,own,1,skilled employee/official,2,yes,yes,31,1,male : single_Early-Middle
no checking account,9,critical account/other credits existing,car (new),2134,... < 100 DM,1 <= ... < 4 years,4,male : single,none,4,car or other,Mid-Career,none,own,3,skilled employee/official,1,yes,yes,48,1,male : single_Mid-Career
... < 100 DM,6,existing credits paid back duly till now,domestic appliances,2647,500 <= ... < 1000 DM,1 <= ... < 4 years,2,male : single,none,3,real estate,Mid-Career,none,rent,1,skilled employee/official,2,no,yes,44,1,male : single_Mid-Career
... < 100 DM,10,critical account/other credits existing,car (new),2241,... < 100 DM,... < 1 year,1,male : single,none,3,real estate,Mid-Career,none,rent,2,unskilled - resident,2,no,no,48,1,male : single_Mid-Career
0 <= ... < 200 DM,12,critical account/other credits existing,car (used),1804,100 <= ... < 500 DM,... < 1 year,3,male : single,none,4,building society savings agreement/life insurance,Mid-Career,none,own,1,skilled employee/official,1,no,yes,44,1,male : single_Mid-Career
no checking account,10,critical account/other credits existing,radio/television,2069,unknown/no savings account,1 <= ... < 4 years,2,male : married/widowed,none,1,car or other,Young,none,own,2,skilled employee/official,1,no,no,26,1,male : married/widowed_Young
... < 100 DM,6,existing credits paid back duly till now,radio/television,1374,... < 100 DM,1 <= ... < 4 years,1,male : single,none,2,real estate,Early-Middle,bank,own,1,unskilled - resident,1,yes,yes,36,1,male : single_Early-Middle
no checking account,6,no credits taken/all credits paid back duly,domestic appliances,426,... < 100 DM,... >= 7 years,4,male : married/widowed,none,4,car or other,Early-Middle,none,own,1,unskilled - resident,1,no,yes,39,1,male : married/widowed_Early-Middle
... >= 200 DM / salary for at least 1 year,12,all credits at this bank paid back duly,domestic appliances,409,... >= 1000 DM,1 <= ... < 4 years,3,female : divorced/separated/married,none,3,real estate,Mid-Career,none,rent,2,skilled employee/official,1,no,yes,42,1,female : divorced/separated/married_Mid-Career
0 <= ... < 200 DM,7,existing credits paid back duly till now,domestic appliances,2415,... < 100 DM,1 <= ... < 4 years,3,male : single,guarantor,2,real estate,Early-Middle,none,own,1,skilled employee/official,1,no,yes,34,1,male : single_Early-Middle
... < 100 DM,60,delay in paying off in the past,others,6836,... < 100 DM,... >= 7 years,3,male : single,none,4,unknown/no property,Late-Career,none,own,2,skilled employee/official,1,yes,yes,63,0,male : single_Late-Career
0 <= ... < 200 DM,18,existing credits paid back duly till now,others,1913,... >= 1000 DM,... < 1 year,3,male : married/widowed,none,3,real estate,Early-Middle,bank,own,1,skilled employee/official,1,yes,yes,36,1,male : married/widowed_Early-Middle
... < 100 DM,24,existing credits paid back duly till now,radio/television,4020,... < 100 DM,1 <= ... < 4 years,2,male : single,none,2,car or other,Young,stores,own,1,skilled employee/official,1,no,yes,27,1,male : single_Young
0 <= ... < 200 DM,18,existing credits paid back duly till now,car (new),5866,100 <= ... < 500 DM,1 <= ... < 4 years,2,male : single,none,2,car or other,Young,none,own,2,skilled employee/official,1,yes,yes,30,1,male : single_Young
no checking account,12,critical account/other credits existing,others,1264,unknown/no savings account,... >= 7 years,4,male : single,none,4,unknown/no property,Late-Career,none,rent,1,unskilled - resident,1,no,yes,57,1,male : single_Late-Career
... >= 200 DM / salary for at least 1 year,12,existing credits paid back duly till now,radio/television,1474,... < 100 DM,... < 1 year,4,female : divorced/separated/married,none,1,building society savings agreement/life insurance,Early-Middle,bank,own,1,management/self-employed/highly qualified employee/officer,1,yes,yes,33,1,female : divorced/separated/married_Early-Middle
0 <= ... < 200 DM,45,critical account/other credits existing,domestic appliances,4746,... < 100 DM,... < 1 year,4,male : single,none,2,building society savings agreement/life insurance,Young,none,own,2,unskilled - resident,1,no,yes,25,0,male : single_Young
no checking account,48,critical account/other credits existing,retraining,6110,... < 100 DM,1 <= ... < 4 years,1,male : single,none,3,unknown/no property,Early-Middle,bank,for free,1,skilled employee/official,1,yes,yes,31,1,male : single_Early-Middle
... >= 200 DM / salary for at least 1 year,18,existing credits paid back duly till now,domestic appliances,2100,... < 100 DM,1 <= ... < 4 years,4,male : single,co-applicant,2,real estate,Early-Middle,stores,own,1,skilled employee/official,1,no,yes,37,0,male : single_Early-Middle
... >= 200 DM / salary for at least 1 year,10,existing credits paid back duly till now,repairs,1225,... < 100 DM,1 <= ... < 4 years,2,male : single,none,2,car or other,Early-Middle,none,own,1,skilled employee/official,1,yes,yes,37,1,male : single_Early-Middle
0 <= ... < 200 DM,9,existing credits paid back duly till now,domestic appliances,458,... < 100 DM,1 <= ... < 4 years,4,male : single,none,3,real estate,Young,none,own,1,skilled employee/official,1,no,yes,24,1,male : single_Young
no checking account,30,existing credits paid back duly till now,domestic appliances,2333,500 <= ... < 1000 DM,... >= 7 years,4,male : single,none,2,car or other,Young,bank,own,1,management/self-employed/highly qualified employee/officer,1,no,yes,30,1,male : single_Young
0 <= ... < 200 DM,12,existing credits paid back duly till now,domestic appliances,1158,500 <= ... < 1000 DM,1 <= ... < 4 years,3,male : divorced/separated,none,1,car or other,Young,none,own,1,skilled employee/official,1,yes,yes,26,1,male : divorced/separated_Young
0 <= ... < 200 DM,18,delay in paying off in the past,education,6204,... < 100 DM,1 <= ... < 4 years,2,male : single,none,4,real estate,Mid-Career,none,own,1,unskilled - resident,2,yes,yes,44,1,male : single_Mid-Career
... < 100 DM,30,critical account/other credits existing,car (used),6187,100 <= ... < 500 DM,4 <= ... < 7 years,1,male : married/widowed,none,4,car or other,Young,none,rent,2,skilled employee/official,1,no,yes,24,1,male : married/widowed_Young
... < 100 DM,48,critical account/other credits existing,car (used),6143,... < 100 DM,... >= 7 years,4,female : divorced/separated/married,none,4,unknown/no property,Late-Career,stores,for free,2,unskilled - resident,1,no,yes,58,0,female : divorced/separated/married_Late-Career
no checking account,11,critical account/other credits existing,car (new),1393,... < 100 DM,... < 1 year,4,female : divorced/separated/married,none,4,car or other,Early-Middle,none,own,2,management/self-employed/highly qualified employee/officer,1,no,yes,35,1,female : divorced/separated/married_Early-Middle
no checking account,36,existing credits paid back duly till now,domestic appliances,2299,500 <= ... < 1000 DM,... >= 7 years,4,male : single,none,4,car or other,Early-Middle,none,own,1,skilled employee/official,1,no,yes,39,1,male : single_Early-Middle
... < 100 DM,6,existing credits paid back duly till now,car (used),1352,500 <= ... < 1000 DM,unemployed,1,female : divorced/separated/married,none,2,building society savings agreement/life insurance,Young,none,rent,1,unemployed/unskilled - non-resident,1,yes,yes,23,1,female : divorced/separated/married_Young
no checking account,11,critical account/other credits existing,car (new),7228,... < 100 DM,1 <= ... < 4 years,1,male : single,none,4,building society savings agreement/life insurance,Early-Middle,none,own,2,unskilled - resident,1,no,yes,39,1,male : single_Early-Middle
no checking account,12,existing credits paid back duly till now,domestic appliances,2073,100 <= ... < 500 DM,1 <= ... < 4 years,4,female : divorced/separated/married,co-applicant,2,real estate,Young,none,own,1,skilled employee/official,1,no,yes,28,1,female : divorced/separated/married_Young
0 <= ... < 200 DM,24,delay in paying off in the past,radio/television,2333,unknown/no savings account,... < 1 year,4,male : single,none,2,building society savings agreement/life insurance,Young,bank,own,1,unskilled - resident,1,no,yes,29,1,male : single_Young
0 <= ... < 200 DM,27,delay in paying off in the past,car (used),5965,... < 100 DM,... >= 7 years,1,male : single,none,2,car or other,Young,none,own,2,management/self-employed/highly qualified employee/officer,1,yes,yes,30,1,male : single_Young
no checking account,12,existing credits paid back duly till now,domestic appliances,1262,... < 100 DM,1 <= ... < 4 years,3,male : single,none,2,car or other,Young,none,own,1,skilled employee/official,1,no,yes,25,1,male : single_Young
no checking account,18,existing credits paid back duly till now,car (used),3378,unknown/no savings account,1 <= ... < 4 years,2,male : single,none,1,building society savings agreement/life insurance,Early-Middle,none,own,1,skilled employee/official,1,yes,yes,31,1,male : single_Early-Middle
0 <= ... < 200 DM,36,delay in paying off in the past,car (new),2225,... < 100 DM,... >= 7 years,4,male : single,none,4,unknown/no property,Late-Career,bank,for free,2,skilled employee/official,1,yes,yes,57,0,male : single_Late-Career
no checking account,6,all credits at this bank paid back duly,car (new),783,unknown/no savings account,1 <= ... < 4 years,1,male : single,guarantor,2,real estate,Young,stores,own,1,unskilled - resident,2,no,yes,26,1,male : single_Young
0 <= ... < 200 DM,12,existing credits paid back duly till now,domestic appliances,6468,unknown/no savings account,unemployed,2,male : single,none,1,unknown/no property,Mid-Career,none,own,1,management/self-employed/highly qualified employee/officer,1,yes,yes,52,0,male : single_Mid-Career
no checking account,36,critical account/other credits existing,domestic appliances,9566,... < 100 DM,1 <= ... < 4 years,2,female : divorced/separated/married,none,2,car or other,Early-Middle,stores,own,2,skilled employee/official,1,no,yes,31,1,female : divorced/separated/married_Early-Middle
... >= 200 DM / salary for at least 1 year,18,existing credits paid back duly till now,car (new),1961,... < 100 DM,... >= 7 years,3,female : divorced/separated/married,none,2,car or other,Young,none,own,1,management/self-employed/highly qualified employee/officer,1,no,yes,23,1,female : divorced/separated/married_Young
... < 100 DM,36,critical account/other credits existing,radio/television,6229,... < 100 DM,... < 1 year,4,female : divorced/separated/married,co-applicant,4,unknown/no property,Young,none,rent,2,unskilled - resident,1,yes,yes,23,0,female : divorced/separated/married_Young
0 <= ... < 200 DM,9,existing credits paid back duly till now,others,1391,... < 100 DM,1 <= ... < 4 years,2,male : married/widowed,none,1,real estate,Young,bank,own,1,skilled employee/official,1,yes,yes,27,1,male : married/widowed_Young
0 <= ... < 200 DM,15,critical account/other credits existing,domestic appliances,1537,unknown/no savings account,... >= 7 years,4,male : single,guarantor,4,real estate,Mid-Career,none,own,2,skilled employee/official,1,yes,yes,50,1,male : single_Mid-Career
0 <= ... < 200 DM,36,no credits taken/all credits paid back duly,others,1953,... < 100 DM,... >= 7 years,4,male : single,none,4,unknown/no property,Late-Career,none,for free,1,management/self-employed/highly qualified employee/officer,1,yes,yes,61,0,male : single_Late-Career
0 <= ... < 200 DM,48,no credits taken/all credits paid back duly,others,14421,... < 100 DM,1 <= ... < 4 years,2,male : single,none,2,car or other,Young,none,own,1,skilled employee/official,1,yes,yes,25,0,male : single_Young
no checking account,24,existing credits paid back duly till now,domestic appliances,3181,... < 100 DM,... < 1 year,4,female : divorced/separated/married,none,4,building society savings agreement/life insurance,Young,none,own,1,skilled employee/official,1,yes,yes,26,1,female : divorced/separated/married_Young
no checking account,27,existing credits paid back duly till now,education,5190,unknown/no savings account,... >= 7 years,4,male : single,none,4,building society savings agreement/life insurance,Mid-Career,none,own,4,skilled employee/official,2,yes,yes,48,1,male : single_Mid-Career
no checking account,12,existing credits paid back duly till now,domestic appliances,2171,... < 100 DM,... < 1 year,2,female : divorced/separated/married,none,2,car or other,Young,bank,own,1,skilled employee/official,1,no,yes,29,1,female : divorced/separated/married_Young
0 <= ... < 200 DM,12,existing credits paid back duly till now,car (new),1007,... >= 1000 DM,1 <= ... < 4 years,4,male : married/widowed,none,1,real estate,Young,none,own,1,skilled employee/official,1,no,yes,22,1,male : married/widowed_Young
no checking account,36,existing credits paid back duly till now,retraining,1819,... < 100 DM,1 <= ... < 4 years,4,male : single,none,4,unknown/no property,Early-Middle,stores,for free,1,skilled employee/official,1,yes,yes,37,0,male : single_Early-Middle
no checking account,36,existing credits paid back duly till now,domestic appliances,2394,unknown/no savings account,1 <= ... < 4 years,4,female : divorced/separated/married,none,4,car or other,Young,none,own,1,skilled employee/official,1,no,yes,25,1,female : divorced/separated/married_Young
no checking account,36,existing credits paid back duly till now,car (used),8133,... < 100 DM,1 <= ... < 4 years,1,female : divorced/separated/married,none,2,building society savings agreement/life insurance,Young,bank,own,1,skilled employee/official,1,no,yes,30,1,female : divorced/separated/married_Young
no checking account,7,critical account/other credits existing,domestic appliances,730,unknown/no savings account,... >= 7 years,4,male : single,none,2,building society savings agreement/life insurance,Mid-Career,none,rent,2,unskilled - resident,1,yes,yes,46,1,male : single_Mid-Career
... < 100 DM,8,critical account/other credits existing,furniture/equipment,1164,... < 100 DM,... >= 7 years,3,male : single,none,4,unknown/no property,Mid-Career,bank,for free,2,management/self-employed/highly qualified employee/officer,2,yes,yes,51,1,male : single_Mid-Career
0 <= ... < 200 DM,42,critical account/other credits existing,others,5954,... < 100 DM,4 <= ... < 7 years,2,female : divorced/separated/married,none,1,real estate,Mid-Career,bank,own,2,unskilled - resident,1,no,yes,41,1,female : divorced/separated/married_Mid-Career
... < 100 DM,36,existing credits paid back duly till now,retraining,1977,unknown/no savings account,... >= 7 years,4,male : single,none,4,unknown/no property,Early-Middle,none,own,1,management/self-employed/highly qualified employee/officer,1,yes,yes,40,0,male : single_Early-Middle
... < 100 DM,12,critical account/other credits existing,car (used),1526,... < 100 DM,... >= 7 years,4,male : single,none,4,unknown/no property,Late-Career,none,for free,2,management/self-employed/highly qualified employee/officer,1,no,yes,66,1,male : single_Late-Career
... < 100 DM,42,existing credits paid back duly till now,domestic appliances,3965,... < 100 DM,... < 1 year,4,male : single,none,3,car or other,Early-Middle,none,own,1,skilled employee/official,1,no,yes,34,0,male : single_Early-Middle
0 <= ... < 200 DM,11,delay in paying off in the past,domestic appliances,4771,... < 100 DM,4 <= ... < 7 years,2,male : single,none,4,building society savings agreement/life insurance,Mid-Career,none,own,1,skilled employee/official,1,no,yes,51,1,male : single_Mid-Career
no checking account,54,no credits taken/all credits paid back duly,car (used),9436,unknown/no savings account,1 <= ... < 4 years,2,male : single,none,2,building society savings agreement/life insurance,Early-Middle,none,own,1,unskilled - resident,2,no,yes,39,1,male : single_Early-Middle
0 <= ... < 200 DM,30,existing credits paid back duly till now,radio/television,3832,... < 100 DM,... < 1 year,2,male : married/widowed,none,1,building society savings agreement/life insurance,Young,none,own,1,skilled employee/official,1,no,yes,22,1,male : married/widowed_Young
no checking account,24,existing credits paid back duly till now,domestic appliances,5943,unknown/no savings account,... < 1 year,1,female : divorced/separated/married,none,1,car or other,Mid-Career,none,own,2,skilled employee/official,1,yes,yes,44,0,female : divorced/separated/married_Mid-Career
no checking account,15,existing credits paid back duly till now,domestic appliances,1213,500 <= ... < 1000 DM,... >= 7 years,4,male : single,none,3,building society savings agreement/life insurance,Mid-Career,stores,own,1,skilled employee/official,1,yes,yes,47,1,male : single_Mid-Career
no checking account,18,existing credits paid back duly till now,others,1568,100 <= ... < 500 DM,1 <= ... < 4 years,3,female : divorced/separated/married,none,4,building society savings agreement/life insurance,Young,none,rent,1,unskilled - resident,1,no,yes,24,1,female : divorced/separated/married_Young
... < 100 DM,24,existing credits paid back duly till now,furniture/equipment,1755,... < 100 DM,... >= 7 years,4,female : divorced/separated/married,guarantor,4,real estate,Late-Career,none,own,1,unskilled - resident,1,yes,yes,58,1,female : divorced/separated/married_Late-Career
... < 100 DM,10,existing credits paid back duly till now,domestic appliances,2315,... < 100 DM,... >= 7 years,3,male : single,none,4,real estate,Mid-Career,none,own,1,unskilled - resident,1,no,yes,52,1,male : single_Mid-Career
no checking account,12,critical account/other credits existing,others,1412,... < 100 DM,1 <= ... < 4 years,4,female : divorced/separated/married,guarantor,2,real estate,Young,none,own,2,management/self-employed/highly qualified employee/officer,1,yes,yes,29,1,female : divorced/separated/married_Young
0 <= ... < 200 DM,18,critical account/other credits existing,radio/television,1295,... < 100 DM,... < 1 year,4,female : divorced/separated/married,none,1,building society savings agreement/life insurance,Young,none,own,2,skilled employee/official,1,no,yes,27,1,female : divorced/separated/married_Young
0 <= ... < 200 DM,36,existing credits paid back duly till now,retraining,12612,100 <= ... < 500 DM,1 <= ... < 4 years,1,male : single,none,4,unknown/no property,Mid-Career,none,for free,1,skilled employee/official,2,yes,yes,47,0,male : single_Mid-Career
... < 100 DM,18,existing credits paid back duly till now,car (new),2249,100 <= ... < 500 DM,4 <= ... < 7 years,4,male : single,none,3,car or other,Young,none,own,1,management/self-employed/highly qualified employee/officer,2,yes,yes,30,1,male : single_Young
... < 100 DM,12,no credits taken/all credits paid back duly,education,1108,... < 100 DM,4 <= ... < 7 years,4,male : single,none,3,real estate,Young,none,own,2,skilled employee/official,1,no,yes,28,0,male : single_Young
no checking account,12,critical account/other credits existing,domestic appliances,618,... < 100 DM,... >= 7 years,4,male : single,none,4,real estate,Late-Career,none,own,1,skilled employee/official,1,no,yes,56,1,male : single_Late-Career
... < 100 DM,12,critical account/other credits existing,car (used),1409,... < 100 DM,... >= 7 years,4,male : single,none,3,real estate,Mid-Career,none,own,1,skilled employee/official,1,no,yes,54,1,male : single_Mid-Career
no checking account,12,critical account/other credits existing,domestic appliances,797,unknown/no savings account,... >= 7 years,4,female : divorced/separated/married,none,3,building society savings agreement/life insurance,Early-Middle,bank,own,1,unskilled - resident,2,no,yes,33,0,female : divorced/separated/married_Early-Middle
... >= 200 DM / salary for at least 1 year,24,critical account/other credits existing,radio/television,3617,unknown/no savings account,... >= 7 years,4,male : single,co-applicant,4,unknown/no property,Young,none,rent,2,skilled employee/official,1,no,yes,20,1,male : single_Young
0 <= ... < 200 DM,12,existing credits paid back duly till now,car (new),1318,... >= 1000 DM,... >= 7 years,4,male : single,none,4,real estate,Mid-Career,none,own,1,skilled employee/official,1,yes,yes,54,1,male : single_Mid-Career
0 <= ... < 200 DM,54,no credits taken/all credits paid back duly,others,15945,... < 100 DM,... < 1 year,3,male : single,none,4,unknown/no property,Late-Career,none,rent,1,skilled employee/official,1,yes,yes,58,0,male : single_Late-Career
no checking account,12,critical account/other credits existing,retraining,2012,unknown/no savings account,4 <= ... < 7 years,4,female : divorced/separated/married,none,2,car or other,Late-Career,none,own,1,skilled employee/official,1,no,yes,61,1,female : divorced/separated/married_Late-Career
0 <= ... < 200 DM,18,existing credits paid back duly till now,others,2622,100 <= ... < 500 DM,1 <= ... < 4 years,4,male : single,none,4,car or other,Early-Middle,none,own,1,skilled employee/official,1,no,yes,34,1,male : single_Early-Middle
0 <= ... < 200 DM,36,critical account/other credits existing,domestic appliances,2337,... < 100 DM,... >= 7 years,4,male : single,none,4,real estate,Early-Middle,none,own,1,skilled employee/official,1,no,yes,36,1,male : single_Early-Middle
0 <= ... < 200 DM,20,delay in paying off in the past,car (used),7057,unknown/no savings account,4 <= ... < 7 years,3,male : single,none,4,building society savings agreement/life insurance,Early-Middle,bank,rent,2,management/self-employed/highly qualified employee/officer,2,yes,yes,36,1,male : single_Early-Middle
no checking account,24,existing credits paid back duly till now,car (new),1469,100 <= ... < 500 DM,... >= 7 years,4,male : married/widowed,none,4,real estate,Mid-Career,none,rent,1,unskilled - resident,1,no,yes,41,1,male : married/widowed_Mid-Career
0 <= ... < 200 DM,36,existing credits paid back duly till now,domestic appliances,2323,... < 100 DM,4 <= ... < 7 years,4,male : single,none,4,car or other,Young,none,rent,1,skilled employee/official,1,no,yes,24,1,male : single_Young
no checking account,6,delay in paying off in the past,domestic appliances,932,... < 100 DM,1 <= ... < 4 years,3,female : divorced/separated/married,none,2,real estate,Young,none,own,1,skilled employee/official,1,no,yes,24,1,female : divorced/separated/married_Young
0 <= ... < 200 DM,9,critical account/other credits existing,radio/television,1919,... < 100 DM,4 <= ... < 7 years,4,male : single,none,3,car or other,Early-Middle,none,rent,1,skilled employee/official,1,yes,yes,35,1,male : single_Early-Middle
no checking account,12,existing credits paid back duly till now,car (used),2445,unknown/no savings account,... < 1 year,2,male : married/widowed,none,4,car or other,Young,none,rent,1,skilled employee/official,1,yes,yes,26,1,male : married/widowed_Young
0 <= ... < 200 DM,24,critical account/other credits existing,furniture/equipment,11938,... < 100 DM,1 <= ... < 4 years,2,male : single,co-applicant,3,car or other,Early-Middle,none,own,2,management/self-employed/highly qualified employee/officer,2,yes,yes,39,0,male : single_Early-Middle
no checking account,18,all credits at this bank paid back duly,car (new),6458,... < 100 DM,... >= 7 years,2,male : single,none,4,unknown/no property,Early-Middle,bank,own,2,management/self-employed/highly qualified employee/officer,2,yes,yes,39,0,male : single_Early-Middle
0 <= ... < 200 DM,12,existing credits paid back duly till now,car (new),6078,... < 100 DM,4 <= ... < 7 years,2,male : single,none,2,car or other,Early-Middle,none,own,1,skilled employee/official,1,no,yes,32,1,male : single_Early-Middle
... < 100 DM,24,existing credits paid back duly till now,radio/television,7721,unknown/no savings account,... < 1 year,1,female : divorced/separated/married,none,2,building society savings agreement/life insurance,Young,none,own,1,skilled employee/official,1,yes,no,30,1,female : divorced/separated/married_Young
0 <= ... < 200 DM,14,existing credits paid back duly till now,others,1410,500 <= ... < 1000 DM,... >= 7 years,1,male : married/widowed,none,2,real estate,Early-Middle,none,own,1,skilled employee/official,1,yes,yes,35,1,male : married/widowed_Early-Middle
0 <= ... < 200 DM,6,delay in paying off in the past,others,1449,100 <= ... < 500 DM,... >= 7 years,1,male : divorced/separated,none,2,car or other,Early-Middle,bank,own,2,skilled employee/official,2,no,yes,31,1,male : divorced/separated_Early-Middle
... >= 200 DM / salary for at least 1 year,15,existing credits paid back duly till now,retraining,392,... < 100 DM,... < 1 year,4,female : divorced/separated/married,none,4,building society savings agreement/life insurance,Young,none,rent,1,skilled employee/official,1,yes,yes,23,1,female : divorced/separated/married_Young
0 <= ... < 200 DM,18,existing credits paid back duly till now,car (new),6260,... < 100 DM,4 <= ... < 7 years,3,male : single,none,3,real estate,Young,none,rent,1,unskilled - resident,1,no,yes,28,1,male : single_Young
no checking account,36,critical account/other credits existing,car (new),7855,... < 100 DM,1 <= ... < 4 years,4,female : divorced/separated/married,none,2,real estate,Young,stores,own,2,skilled employee/official,1,yes,yes,25,0,female : divorced/separated/married_Young
... < 100 DM,12,existing credits paid back duly till now,domestic appliances,1680,500 <= ... < 1000 DM,... >= 7 years,3,male : married/widowed,none,1,real estate,Early-Middle,none,own,1,skilled employee/official,1,no,yes,35,1,male : married/widowed_Early-Middle
no checking account,48,critical account/other credits existing,domestic appliances,3578,unknown/no savings account,... >= 7 years,4,male : single,none,1,real estate,Mid-Career,none,own,1,skilled employee/official,1,yes,yes,47,1,male : single_Mid-Career
... < 100 DM,42,existing credits paid back duly till now,domestic appliances,7174,unknown/no savings account,4 <= ... < 7 years,4,female : divorced/separated/married,none,3,car or other,Young,none,own,1,management/self-employed/highly qualified employee/officer,1,yes,yes,30,0,female : divorced/separated/married_Young
... < 100 DM,10,critical account/other credits existing,radio/television,2132,unknown/no savings account,... < 1 year,2,female : divorced/separated/married,co-applicant,3,real estate,Young,none,rent,2,skilled employee/official,1,no,no,27,1,female : divorced/separated/married_Young
... < 100 DM,33,critical account/other credits existing,radio/television,4281,500 <= ... < 1000 DM,1 <= ... < 4 years,1,female : divorced/separated/married,none,4,car or other,Young,none,own,2,skilled employee/official,1,no,yes,23,0,female : divorced/separated/married_Young
0 <= ... < 200 DM,12,critical account/other credits existing,car (new),2366,500 <= ... < 1000 DM,4 <= ... < 7 years,3,male : divorced/separated,none,3,car or other,Early-Middle,none,own,1,management/self-employed/highly qualified employee/officer,1,yes,yes,36,1,male : divorced/separated_Early-Middle
... < 100 DM,21,existing credits paid back duly till now,domestic appliances,1835,... < 100 DM,1 <= ... < 4 years,3,female : divorced/separated/married,none,2,real estate,Young,none,own,2,skilled employee/official,1,yes,yes,25,0,female : divorced/separated/married_Young
no checking account,24,critical account/other credits existing,car (used),3868,... < 100 DM,... >= 7 years,4,female : divorced/separated/married,none,2,car or other,Mid-Career,none,rent,2,management/self-employed/highly qualified employee/officer,1,yes,yes,41,1,female : divorced/separated/married_Mid-Career
no checking account,12,existing credits paid back duly till now,radio/television,1768,... < 100 DM,1 <= ... < 4 years,3,male : single,none,2,real estate,Young,none,rent,1,unskilled - resident,1,no,yes,24,1,male : single_Young
... >= 200 DM / salary for at least 1 year,10,critical account/other credits existing,car (new),781,... < 100 DM,... >= 7 years,4,male : single,none,4,unknown/no property,Late-Career,none,for free,2,skilled employee/official,1,yes,yes,63,1,male : single_Late-Career
0 <= ... < 200 DM,18,existing credits paid back duly till now,radio/television,1924,unknown/no savings account,... < 1 year,4,female : divorced/separated/married,none,3,real estate,Young,none,rent,1,skilled employee/official,1,no,yes,27,0,female : divorced/separated/married_Young
... < 100 DM,12,critical account/other credits existing,car (new),2121,... < 100 DM,1 <= ... < 4 years,4,male : single,none,2,building society savings agreement/life insurance,Young,none,own,2,skilled employee/official,1,no,yes,30,1,male : single_Young
... < 100 DM,12,existing credits paid back duly till now,domestic appliances,701,... < 100 DM,1 <= ... < 4 years,4,male : married/widowed,none,2,real estate,Early-Middle,none,own,1,unskilled - resident,1,no,yes,40,1,male : married/widowed_Early-Middle
0 <= ... < 200 DM,12,existing credits paid back duly till now,education,639,... < 100 DM,1 <= ... < 4 years,4,male : single,none,2,car or other,Young,none,own,1,skilled employee/official,1,no,yes,30,0,male : single_Young
0 <= ... < 200 DM,12,critical account/other credits existing,car (used),1860,... < 100 DM,unemployed,4,male : single,none,2,car or other,Early-Middle,none,own,2,management/self-employed/highly qualified employee/officer,1,yes,yes,34,1,male : single_Early-Middle
... < 100 DM,12,critical account/other credits existing,car (new),3499,... < 100 DM,1 <= ... < 4 years,3,female : divorced/separated/married,co-applicant,2,real estate,Young,none,own,2,skilled employee/official,1,no,yes,29,0,female : divorced/separated/married_Young
0 <= ... < 200 DM,48,existing credits paid back duly till now,car (new),8487,unknown/no savings account,4 <= ... < 7 years,1,female : divorced/separated/married,none,2,car or other,Young,none,own,1,skilled employee/official,1,no,yes,24,1,female : divorced/separated/married_Young
... < 100 DM,36,delay in paying off in the past,retraining,6887,... < 100 DM,1 <= ... < 4 years,4,male : single,none,3,building society savings agreement/life insurance,Young,stores,own,1,skilled employee/official,1,yes,yes,29,0,male : single_Young
no checking account,15,existing credits paid back duly till now,radio/television,2708,... < 100 DM,... < 1 year,2,male : single,none,3,building society savings agreement/life insurance,Young,bank,own,2,unskilled - resident,1,no,yes,27,1,male : single_Young
no checking account,18,existing credits paid back duly till now,radio/television,1984,... < 100 DM,1 <= ... < 4 years,4,male : single,none,4,unknown/no property,Mid-Career,bank,for free,2,skilled employee/official,1,no,yes,47,1,male : single_Mid-Career
no checking account,60,existing credits paid back duly till now,domestic appliances,10144,100 <= ... < 500 DM,4 <= ... < 7 years,2,female : divorced/separated/married,none,4,real estate,Young,none,own,1,skilled employee/official,1,yes,yes,21,1,female : divorced/separated/married_Young
no checking account,12,critical account/other credits existing,domestic appliances,1240,unknown/no savings account,... >= 7 years,4,female : divorced/separated/married,none,2,real estate,Early-Middle,none,own,2,skilled employee/official,1,yes,yes,38,1,female : divorced/separated/married_Early-Middle
no checking account,27,delay in paying off in the past,car (used),8613,... >= 1000 DM,1 <= ... < 4 years,2,male : single,none,2,car or other,Young,none,own,2,skilled employee/official,1,no,yes,27,1,male : single_Young
0 <= ... < 200 DM,12,existing credits paid back duly till now,domestic appliances,766,500 <= ... < 1000 DM,1 <= ... < 4 years,4,male : single,none,3,real estate,Late-Career,none,own,1,unskilled - resident,1,no,yes,66,0,male : single_Late-Career
0 <= ... < 200 DM,15,critical account/other credits existing,domestic appliances,2728,unknown/no savings account,4 <= ... < 7 years,4,male : single,guarantor,2,real estate,Early-Middle,bank,own,3,skilled employee/official,1,yes,yes,35,1,male : single_Early-Middle
... >= 200 DM / salary for at least 1 year,12,existing credits paid back duly till now,domestic appliances,1881,... < 100 DM,1 <= ... < 4 years,2,female : divorced/separated/married,none,2,car or other,Mid-Career,none,rent,1,unskilled - resident,1,yes,yes,44,1,female : divorced/separated/married_Mid-Career
... >= 200 DM / salary for at least 1 year,6,existing credits paid back duly till now,car (new),709,... >= 1000 DM,... < 1 year,2,male : married/widowed,none,2,real estate,Young,none,own,1,unemployed/unskilled - non-resident,1,no,no,27,1,male : married/widowed_Young
0 <= ... < 200 DM,36,existing credits paid back duly till now,domestic appliances,4795,... < 100 DM,... < 1 year,4,female : divorced/separated/married,none,1,unknown/no property,Young,none,own,1,management/self-employed/highly qualified employee/officer,1,yes,yes,30,1,female : divorced/separated/married_Young
... < 100 DM,27,existing credits paid back duly till now,domestic appliances,3416,... < 100 DM,1 <= ... < 4 years,3,male : single,none,2,car or other,Young,none,own,1,management/self-employed/highly qualified employee/officer,1,no,yes,27,1,male : single_Young
... < 100 DM,18,existing credits paid back duly till now,radio/television,2462,... < 100 DM,1 <= ... < 4 years,2,male : single,none,2,car or other,Young,none,own,1,skilled employee/official,1,no,yes,22,0,male : single_Young
no checking account,21,critical account/other credits existing,radio/television,2288,... < 100 DM,... < 1 year,4,female : divorced/separated/married,none,4,building society savings agreement/life insurance,Young,none,own,1,skilled employee/official,1,yes,yes,23,1,female : divorced/separated/married_Young
0 <= ... < 200 DM,48,all credits at this bank paid back duly,others,3566,100 <= ... < 500 DM,4 <= ... < 7 years,4,male : single,none,2,car or other,Young,none,own,1,skilled employee/official,1,no,yes,30,1,male : single_Young
... < 100 DM,6,critical account/other credits existing,car (new),860,... < 100 DM,... >= 7 years,1,female : divorced/separated/married,none,4,unknown/no property,Early-Middle,none,own,2,skilled employee/official,1,yes,yes,39,1,female : divorced/separated/married_Early-Middle
no checking account,12,critical account/other credits existing,car (new),682,100 <= ... < 500 DM,4 <= ... < 7 years,4,female : divorced/separated/married,none,3,car or other,Mid-Career,none,own,2,skilled employee/official,1,yes,yes,51,1,female : divorced/separated/married_Mid-Career
... < 100 DM,36,critical account/other credits existing,radio/television,5371,... < 100 DM,1 <= ... < 4 years,3,male : single,guarantor,2,building society savings agreement/life insurance,Young,none,own,2,skilled employee/official,1,no,yes,28,1,male : single_Young
no checking account,18,critical account/other credits existing,domestic appliances,1582,... >= 1000 DM,... >= 7 years,4,male : single,none,4,car or other,Mid-Career,none,own,2,skilled employee/official,1,no,yes,46,1,male : single_Mid-Career
no checking account,6,existing credits paid back duly till now,domestic appliances,1346,100 <= ... < 500 DM,... >= 7 years,2,male : single,none,4,unknown/no property,Mid-Career,bank,for free,1,skilled employee/official,2,yes,yes,42,1,male : single_Mid-Career
no checking account,10,existing credits paid back duly till now,domestic appliances,1924,... < 100 DM,1 <= ... < 4 years,1,male : single,none,4,building society savings agreement/life insurance,Early-Middle,none,own,1,skilled employee/official,1,yes,no,38,1,male : single_Early-Middle
... >= 200 DM / salary for at least 1 year,36,existing credits paid back duly till now,domestic appliances,5848,... < 100 DM,1 <= ... < 4 years,4,male : single,none,1,car or other,Young,none,own,1,skilled employee/official,1,no,yes,24,1,male : single_Young
0 <= ... < 200 DM,24,critical account/other credits existing,car (used),7758,... >= 1000 DM,... >= 7 years,2,female : divorced/separated/married,none,4,unknown/no property,Young,none,rent,1,skilled employee/official,1,no,yes,29,1,female : divorced/separated/married_Young
0 <= ... < 200 DM,24,delay in paying off in the past,others,6967,100 <= ... < 500 DM,4 <= ... < 7 years,4,male : single,none,4,car or other,Early-Middle,none,rent,1,management/self-employed/highly qualified employee/officer,1,yes,yes,36,1,male : single_Early-Middle
... < 100 DM,12,existing credits paid back duly till now,radio/television,1282,... < 100 DM,1 <= ... < 4 years,2,female : divorced/separated/married,none,4,car or other,Young,none,rent,1,skilled employee/official,1,no,yes,20,0,female : divorced/separated/married_Young
... < 100 DM,9,critical account/other credits existing,education,1288,100 <= ... < 500 DM,... >= 7 years,3,male : single,guarantor,4,real estate,Mid-Career,none,own,2,skilled employee/official,2,no,no,48,1,male : single_Mid-Career
... < 100 DM,12,all credits at this bank paid back duly,business,339,... < 100 DM,... >= 7 years,4,male : married/widowed,none,1,car or other,Mid-Career,bank,own,1,unskilled - resident,1,no,yes,45,1,male : married/widowed_Mid-Career
0 <= ... < 200 DM,24,existing credits paid back duly till now,car (new),3512,100 <= ... < 500 DM,4 <= ... < 7 years,2,male : single,none,3,car or other,Early-Middle,bank,own,2,skilled employee/official,1,yes,yes,38,1,male : single_Early-Middle
no checking account,6,critical account/other credits existing,domestic appliances,1898,unknown/no savings account,1 <= ... < 4 years,1,male : single,none,2,real estate,Early-Middle,none,own,2,unskilled - resident,2,no,yes,34,1,male : single_Early-Middle
no checking account,24,critical account/other credits existing,domestic appliances,2872,100 <= ... < 500 DM,... >= 7 years,3,male : single,none,4,real estate,Early-Middle,none,own,1,skilled employee/official,2,yes,yes,36,1,male : single_Early-Middle
no checking account,18,critical account/other credits existing,car (new),1055,... < 100 DM,... < 1 year,4,female : divorced/separated/married,none,1,building society savings agreement/life insurance,Young,none,own,2,skilled employee/official,1,no,yes,30,1,female : divorced/separated/married_Young
no checking account,15,existing credits paid back duly till now,repairs,1262,500 <= ... < 1000 DM,4 <= ... < 7 years,4,male : single,none,3,building society savings agreement/life insurance,Early-Middle,none,own,2,skilled employee/official,1,yes,yes,36,1,male : single_Early-Middle
0 <= ... < 200 DM,10,existing credits paid back duly till now,car (new),7308,... < 100 DM,unemployed,2,male : single,none,4,unknown/no property,Late-Career,bank,for free,1,management/self-employed/highly qualified employee/officer,1,yes,yes,70,1,male : single_Late-Career
no checking account,36,existing credits paid back duly till now,car (new),909,500 <= ... < 1000 DM,... >= 7 years,4,male : single,none,4,building society savings agreement/life insurance,Early-Middle,none,own,1,skilled employee/official,1,no,yes,36,1,male : single_Early-Middle
no checking account,6,existing credits paid back duly till now,radio/television,2978,500 <= ... < 1000 DM,1 <= ... < 4 years,1,male : single,none,2,car or other,Early-Middle,none,own,1,skilled employee/official,1,yes,yes,32,1,male : single_Early-Middle
... < 100 DM,18,existing credits paid back duly till now,radio/television,1131,... < 100 DM,unemployed,4,female : divorced/separated/married,none,2,car or other,Early-Middle,none,own,1,skilled employee/official,1,no,yes,33,0,female : divorced/separated/married_Early-Middle
0 <= ... < 200 DM,11,existing credits paid back duly till now,radio/television,1577,... >= 1000 DM,... < 1 year,4,female : divorced/separated/married,none,1,real estate,Young,none,own,1,skilled employee/official,1,no,yes,20,1,female : divorced/separated/married_Young
no checking account,24,existing credits paid back duly till now,radio/television,3972,... < 100 DM,4 <= ... < 7 years,2,female : divorced/separated/married,none,4,building society savings agreement/life insurance,Young,none,rent,1,skilled employee/official,1,yes,yes,25,1,female : divorced/separated/married_Young
0 <= ... < 200 DM,24,critical account/other credits existing,others,1935,... < 100 DM,... >= 7 years,4,male : divorced/separated,none,4,real estate,Early-Middle,none,own,2,skilled employee/official,1,yes,yes,31,0,male : divorced/separated_Early-Middle
... < 100 DM,15,no credits taken/all credits paid back duly,car (new),950,... < 100 DM,... >= 7 years,4,male : single,none,3,car or other,Early-Middle,none,rent,2,skilled employee/official,2,no,yes,33,0,male : single_Early-Middle
no checking account,12,existing credits paid back duly till now,radio/television,763,... < 100 DM,1 <= ... < 4 years,4,female : divorced/separated/married,none,1,real estate,Young,none,own,1,skilled employee/official,1,yes,yes,26,1,female : divorced/separated/married_Young
0 <= ... < 200 DM,24,delay in paying off in the past,radio/television,2064,... < 100 DM,unemployed,3,female : divorced/separated/married,none,2,building society savings agreement/life insurance,Early-Middle,none,own,1,management/self-employed/highly qualified employee/officer,1,yes,yes,34,0,female : divorced/separated/married_Early-Middle
0 <= ... < 200 DM,8,existing credits paid back duly till now,domestic appliances,1414,... < 100 DM,1 <= ... < 4 years,4,male : single,guarantor,2,real estate,Early-Middle,none,own,1,skilled employee/official,1,no,no,33,1,male : single_Early-Middle
... < 100 DM,21,delay in paying off in the past,retraining,3414,... < 100 DM,... < 1 year,2,male : single,none,1,building society savings agreement/life insurance,Young,none,own,2,skilled employee/official,1,no,yes,26,0,male : single_Young
no checking account,30,all credits at this bank paid back duly,car (used),7485,unknown/no savings account,unemployed,4,female : divorced/separated/married,none,1,real estate,Mid-Career,bank,own,1,management/self-employed/highly qualified employee/officer,1,yes,yes,53,0,female : divorced/separated/married_Mid-Career
... < 100 DM,12,existing credits paid back duly till now,radio/television,2577,... < 100 DM,1 <= ... < 4 years,2,male : divorced/separated,none,1,car or other,Mid-Career,none,own,1,skilled employee/official,1,no,yes,42,1,male : divorced/separated_Mid-Career
... < 100 DM,6,critical account/other credits existing,domestic appliances,338,500 <= ... < 1000 DM,... >= 7 years,4,male : single,none,4,car or other,Mid-Career,none,own,2,skilled employee/official,1,no,yes,52,1,male : single_Mid-Career
no checking account,12,existing credits paid back duly till now,domestic appliances,1963,... < 100 DM,4 <= ... < 7 years,4,male : single,none,2,car or other,Early-Middle,none,rent,2,management/self-employed/highly qualified employee/officer,2,yes,yes,31,1,male : single_Early-Middle
... < 100 DM,21,critical account/other credits existing,car (new),571,... < 100 DM,... >= 7 years,4,male : single,none,4,real estate,Late-Career,none,own,2,skilled employee/official,1,no,yes,65,1,male : single_Late-Career
no checking account,36,delay in paying off in the past,others,9572,... < 100 DM,... < 1 year,1,male : divorced/separated,none,1,car or other,Young,none,own,2,skilled employee/official,1,no,yes,28,0,male : divorced/separated_Young
0 <= ... < 200 DM,36,delay in paying off in the past,others,4455,... < 100 DM,1 <= ... < 4 years,2,male : divorced/separated,none,2,real estate,Young,stores,own,2,management/self-employed/highly qualified employee/officer,1,yes,yes,30,0,male : divorced/separated_Young
... < 100 DM,21,all credits at this bank paid back duly,car (new),1647,unknown/no savings account,1 <= ... < 4 years,4,male : single,none,2,building society savings agreement/life insurance,Early-Middle,none,own,2,unskilled - resident,2,no,yes,40,0,male : single_Early-Middle
no checking account,24,critical account/other credits existing,radio/television,3777,... >= 1000 DM,1 <= ... < 4 years,4,male : single,none,4,real estate,Mid-Career,none,own,1,skilled employee/official,1,yes,yes,50,1,male : single_Mid-Career
0 <= ... < 200 DM,18,critical account/other credits existing,car (new),884,... < 100 DM,... >= 7 years,4,male : single,none,4,car or other,Early-Middle,bank,own,1,skilled employee/official,2,yes,yes,36,0,male : single_Early-Middle
no checking account,15,critical account/other credits existing,domestic appliances,1360,... < 100 DM,1 <= ... < 4 years,4,male : single,none,2,building society savings agreement/life insurance,Early-Middle,none,own,2,skilled employee/official,1,no,yes,31,1,male : single_Early-Middle
0 <= ... < 200 DM,9,all credits at this bank paid back duly,car (used),5129,... < 100 DM,... >= 7 years,2,female : divorced/separated/married,none,4,unknown/no property,Late-Career,bank,for free,1,management/self-employed/highly qualified employee/officer,2,yes,yes,74,0,female : divorced/separated/married_Late-Career
0 <= ... < 200 DM,16,critical account/other credits existing,car (new),1175,... < 100 DM,unemployed,2,male : single,none,3,car or other,Late-Career,none,for free,3,unemployed/unskilled - non-resident,1,yes,yes,68,1,male : single_Late-Career
... < 100 DM,12,existing credits paid back duly till now,domestic appliances,674,100 <= ... < 500 DM,4 <= ... < 7 years,4,male : married/widowed,none,1,building society savings agreement/life insurance,Young,none,own,1,skilled employee/official,1,no,yes,20,0,male : married/widowed_Young
0 <= ... < 200 DM,18,no credits taken/all credits paid back duly,radio/television,3244,... < 100 DM,1 <= ... < 4 years,1,female : divorced/separated/married,none,4,car or other,Early-Middle,bank,own,2,skilled employee/official,1,yes,yes,33,1,female : divorced/separated/married_Early-Middle
no checking account,24,existing credits paid back duly till now,others,4591,... >= 1000 DM,1 <= ... < 4 years,2,male : single,none,3,building society savings agreement/life insurance,Mid-Career,none,own,3,management/self-employed/highly qualified employee/officer,1,yes,yes,54,0,male : single_Mid-Career
0 <= ... < 200 DM,48,no credits taken/all credits paid back duly,others,3844,100 <= ... < 500 DM,4 <= ... < 7 years,4,male : single,none,4,unknown/no property,Early-Middle,none,for free,1,unskilled - resident,2,no,yes,34,0,male : single_Early-Middle
0 <= ... < 200 DM,27,existing credits paid back duly till now,others,3915,... < 100 DM,1 <= ... < 4 years,4,male : single,none,2,car or other,Early-Middle,none,own,1,skilled employee/official,2,yes,yes,36,0,male : single_Early-Middle
no checking account,6,existing credits paid back duly till now,domestic appliances,2108,... < 100 DM,4 <= ... < 7 years,2,male : married/widowed,none,2,real estate,Young,none,rent,1,skilled employee/official,1,no,yes,29,1,male : married/widowed_Young
0 <= ... < 200 DM,45,existing credits paid back duly till now,domestic appliances,3031,100 <= ... < 500 DM,1 <= ... < 4 years,4,male : single,guarantor,4,building society savings agreement/life insurance,Young,none,rent,1,skilled employee/official,1,no,yes,21,0,male : single_Young
0 <= ... < 200 DM,9,critical account/other credits existing,retraining,1501,... < 100 DM,... >= 7 years,2,female : divorced/separated/married,none,3,car or other,Early-Middle,none,own,2,management/self-employed/highly qualified employee/officer,1,yes,yes,34,0,female : divorced/separated/married_Early-Middle
no checking account,6,critical account/other credits existing,domestic appliances,1382,... < 100 DM,1 <= ... < 4 years,1,female : divorced/separated/married,none,1,car or other,Young,none,own,2,skilled employee/official,1,yes,yes,28,1,female : divorced/separated/married_Young
0 <= ... < 200 DM,12,existing credits paid back duly till now,radio/television,951,100 <= ... < 500 DM,... < 1 year,4,female : divorced/separated/married,none,4,car or other,Young,bank,rent,4,skilled employee/official,1,no,yes,27,0,female : divorced/separated/married_Young
0 <= ... < 200 DM,24,existing credits paid back duly till now,car (used),2760,unknown/no savings account,... >= 7 years,4,male : single,none,4,unknown/no property,Early-Middle,bank,for free,1,skilled employee/official,1,yes,yes,36,1,male : single_Early-Middle
0 <= ... < 200 DM,18,delay in paying off in the past,radio/television,4297,... < 100 DM,... >= 7 years,4,male : divorced/separated,none,3,unknown/no property,Early-Middle,none,own,1,management/self-employed/highly qualified employee/officer,1,yes,yes,40,0,male : divorced/separated_Early-Middle
no checking account,9,critical account/other credits existing,retraining,936,500 <= ... < 1000 DM,... >= 7 years,4,male : single,none,2,car or other,Mid-Career,none,own,2,skilled employee/official,1,yes,yes,52,1,male : single_Mid-Career
... < 100 DM,12,existing credits paid back duly till now,car (new),1168,... < 100 DM,1 <= ... < 4 years,4,male : married/widowed,none,3,real estate,Young,none,own,1,unskilled - resident,1,no,yes,27,1,male : married/widowed_Young
no checking account,27,delay in paying off in the past,others,5117,... < 100 DM,4 <= ... < 7 years,3,male : single,none,4,car or other,Young,none,own,2,skilled employee/official,1,no,yes,26,1,male : single_Young
... < 100 DM,12,existing credits paid back duly till now,business,902,... < 100 DM,4 <= ... < 7 years,4,male : married/widowed,none,4,building society savings agreement/life insurance,Young,none,rent,1,skilled employee/official,1,no,yes,21,0,male : married/widowed_Young
no checking account,12,critical account/other credits existing,car (new),1495,... < 100 DM,... >= 7 years,4,male : single,none,1,real estate,Early-Middle,none,own,2,unskilled - resident,2,no,yes,38,1,male : single_Early-Middle
... < 100 DM,30,critical account/other credits existing,car (used),10623,... < 100 DM,... >= 7 years,3,male : single,none,4,unknown/no property,Early-Middle,none,for free,3,management/self-employed/highly qualified employee/officer,2,yes,yes,38,1,male : single_Early-Middle
no checking account,12,critical account/other credits existing,radio/television,1935,... < 100 DM,... >= 7 years,4,male : single,none,4,real estate,Mid-Career,none,own,3,skilled employee/official,1,yes,yes,43,1,male : single_Mid-Career
0 <= ... < 200 DM,12,critical account/other credits existing,repairs,1424,... < 100 DM,4 <= ... < 7 years,4,male : single,none,3,building society savings agreement/life insurance,Young,none,own,1,skilled employee/official,1,no,yes,26,1,male : single_Young
... < 100 DM,24,existing credits paid back duly till now,others,6568,... < 100 DM,1 <= ... < 4 years,2,male : married/widowed,none,2,car or other,Young,stores,own,1,unskilled - resident,1,no,yes,21,1,male : married/widowed_Young
no checking account,12,existing credits paid back duly till now,car (used),1413,... >= 1000 DM,4 <= ... < 7 years,3,male : single,none,2,building society savings agreement/life insurance,Mid-Career,none,own,1,skilled employee/official,1,no,no,55,1,male : single_Mid-Career
no checking account,9,critical account/other credits existing,domestic appliances,3074,unknown/no savings account,1 <= ... < 4 years,1,male : single,none,2,real estate,Early-Middle,none,own,2,skilled employee/official,2,no,yes,33,1,male : single_Early-Middle
no checking account,36,existing credits paid back duly till now,domestic appliances,3835,unknown/no savings account,... >= 7 years,2,female : divorced/separated/married,none,4,real estate,Mid-Career,none,own,1,unskilled - resident,1,yes,yes,45,1,female : divorced/separated/married_Mid-Career
... < 100 DM,27,no credits taken/all credits paid back duly,others,5293,... < 100 DM,unemployed,2,male : single,none,4,building society savings agreement/life insurance,Mid-Career,stores,own,2,skilled employee/official,1,yes,yes,50,0,male : single_Mid-Career
... >= 200 DM / salary for at least 1 year,30,delay in paying off in the past,others,1908,... < 100 DM,... >= 7 years,4,male : single,none,4,real estate,Late-Career,none,own,1,management/self-employed/highly qualified employee/officer,1,yes,yes,66,0,male : single_Late-Career
no checking account,36,critical account/other credits existing,domestic appliances,3342,unknown/no savings account,... >= 7 years,4,male : single,none,2,car or other,Mid-Career,none,own,1,skilled employee/official,1,yes,yes,51,1,male : single_Mid-Career
0 <= ... < 200 DM,6,critical account/other credits existing,business,932,unknown/no savings account,4 <= ... < 7 years,1,female : divorced/separated/married,none,3,building society savings agreement/life insurance,Early-Middle,none,own,2,unskilled - resident,1,no,yes,39,1,female : divorced/separated/married_Early-Middle
... < 100 DM,18,no credits taken/all credits paid back duly,others,3104,... < 100 DM,4 <= ... < 7 years,3,male : single,none,1,building society savings agreement/life insurance,Early-Middle,bank,own,1,skilled employee/official,1,yes,yes,31,1,male : single_Early-Middle
... >= 200 DM / salary for at least 1 year,36,existing credits paid back duly till now,domestic appliances,3913,... < 100 DM,1 <= ... < 4 years,2,male : single,none,2,real estate,Young,none,own,1,skilled employee/official,1,yes,yes,23,1,male : single_Young
... < 100 DM,24,existing credits paid back duly till now,radio/television,3021,... < 100 DM,1 <= ... < 4 years,2,male : divorced/separated,none,2,real estate,Young,none,rent,1,unskilled - resident,1,no,yes,24,1,male : divorced/separated_Young
no checking account,10,existing credits paid back duly till now,car (new),1364,... < 100 DM,1 <= ... < 4 years,2,female : divorced/separated/married,none,4,car or other,Late-Career,none,own,1,skilled employee/official,1,yes,yes,64,1,female : divorced/separated/married_Late-Career
0 <= ... < 200 DM,12,existing credits paid back duly till now,domestic appliances,625,... < 100 DM,... < 1 year,4,male : married/widowed,guarantor,1,real estate,Young,bank,own,1,unskilled - resident,1,no,yes,26,1,male : married/widowed_Young
... < 100 DM,12,existing credits paid back duly till now,retraining,1200,unknown/no savings account,1 <= ... < 4 years,4,female : divorced/separated/married,none,4,building society savings agreement/life insurance,Young,bank,rent,1,skilled employee/official,1,yes,yes,23,1,female : divorced/separated/married_Young
no checking account,12,existing credits paid back duly till now,domestic appliances,707,... < 100 DM,1 <= ... < 4 years,4,male : single,none,2,real estate,Young,bank,own,2,skilled employee/official,1,no,yes,30,1,male : single_Young
no checking account,24,delay in paying off in the past,others,2978,unknown/no savings account,1 <= ... < 4 years,4,male : single,none,4,real estate,Early-Middle,none,own,2,skilled employee/official,2,yes,yes,32,1,male : single_Early-Middle
no checking account,15,existing credits paid back duly till now,car (used),4657,... < 100 DM,1 <= ... < 4 years,3,male : single,none,2,car or other,Young,none,own,1,skilled employee/official,1,yes,yes,30,1,male : single_Young
no checking account,36,no credits taken/all credits paid back duly,education,2613,... < 100 DM,1 <= ... < 4 years,4,male : single,none,2,car or other,Young,none,own,2,skilled employee/official,1,no,yes,27,1,male : single_Young
0 <= ... < 200 DM,48,existing credits paid back duly till now,domestic appliances,10961,... >= 1000 DM,4 <= ... < 7 years,1,male : single,co-applicant,2,unknown/no property,Young,bank,own,2,skilled employee/official,1,yes,yes,27,0,male : single_Young
... < 100 DM,12,existing credits paid back duly till now,radio/television,7865,... < 100 DM,... >= 7 years,4,male : single,none,4,unknown/no property,Mid-Career,none,for free,1,management/self-employed/highly qualified employee/officer,1,yes,yes,53,0,male : single_Mid-Career
no checking account,9,existing credits paid back duly till now,domestic appliances,1478,... < 100 DM,4 <= ... < 7 years,4,male : single,none,2,car or other,Young,none,own,1,skilled employee/official,1,no,yes,22,0,male : single_Young
... < 100 DM,24,existing credits paid back duly till now,radio/television,3149,... < 100 DM,... < 1 year,4,male : single,none,1,unknown/no property,Young,bank,for free,1,skilled employee/official,1,no,yes,22,1,male : single_Young
... >= 200 DM / salary for at least 1 year,36,existing credits paid back duly till now,domestic appliances,4210,... < 100 DM,1 <= ... < 4 years,4,male : single,none,2,car or other,Young,none,own,1,skilled employee/official,1,no,yes,26,0,male : single_Young
no checking account,9,existing credits paid back duly till now,car (new),2507,500 <= ... < 1000 DM,... >= 7 years,2,male : single,none,4,unknown/no property,Mid-Career,none,for free,1,unskilled - resident,1,no,yes,51,1,male : single_Mid-Career
no checking account,12,existing credits paid back duly till now,domestic appliances,2141,100 <= ... < 500 DM,4 <= ... < 7 years,3,male : single,none,1,unknown/no property,Early-Middle,none,own,1,skilled employee/official,1,no,yes,35,1,male : single_Early-Middle
0 <= ... < 200 DM,18,existing credits paid back duly till now,domestic appliances,866,... < 100 DM,1 <= ... < 4 years,4,male : married/widowed,guarantor,2,real estate,Young,none,own,1,unskilled - resident,1,no,yes,25,1,male : married/widowed_Young
no checking account,4,critical account/other credits existing,domestic appliances,1544,... < 100 DM,4 <= ... < 7 years,2,male : single,none,1,real estate,Mid-Career,none,own,3,unskilled - resident,2,no,yes,42,1,male : single_Mid-Career
... < 100 DM,24,existing credits paid back duly till now,domestic appliances,1823,... < 100 DM,unemployed,4,male : single,none,2,car or other,Young,stores,own,1,management/self-employed/highly qualified employee/officer,2,no,yes,30,0,male : single_Young
0 <= ... < 200 DM,6,existing credits paid back duly till now,car (new),14555,unknown/no savings account,unemployed,1,male : single,none,2,building society savings agreement/life insurance,Young,none,own,1,unemployed/unskilled - non-resident,1,yes,yes,23,0,male : single_Young
0 <= ... < 200 DM,21,existing credits paid back duly till now,others,2767,100 <= ... < 500 DM,... >= 7 years,4,male : divorced/separated,none,2,car or other,Late-Career,bank,rent,2,unskilled - resident,1,no,yes,61,0,male : divorced/separated_Late-Career
no checking account,12,critical account/other credits existing,domestic appliances,1291,... < 100 DM,1 <= ... < 4 years,4,female : divorced/separated/married,none,2,building society savings agreement/life insurance,Early-Middle,none,own,2,skilled employee/official,1,no,yes,35,1,female : divorced/separated/married_Early-Middle
... < 100 DM,30,existing credits paid back duly till now,domestic appliances,2522,... < 100 DM,... >= 7 years,1,male : single,guarantor,3,building society savings agreement/life insurance,Early-Middle,none,own,1,skilled employee/official,2,no,yes,39,1,male : single_Early-Middle
... < 100 DM,24,existing credits paid back duly till now,car (new),915,unknown/no savings account,... >= 7 years,4,female : divorced/separated/married,none,2,car or other,Young,bank,own,1,skilled employee/official,1,no,yes,29,0,female : divorced/separated/married_Young
no checking account,6,existing credits paid back duly till now,domestic appliances,1595,... < 100 DM,4 <= ... < 7 years,3,male : single,none,2,building society savings agreement/life insurance,Mid-Career,none,own,1,skilled employee/official,2,no,yes,51,1,male : single_Mid-Career
... < 100 DM,48,no credits taken/all credits paid back duly,car (used),4605,... < 100 DM,... >= 7 years,3,male : single,none,4,unknown/no property,Young,none,for free,2,skilled employee/official,2,no,yes,24,0,male : single_Young
no checking account,12,critical account/other credits existing,others,1185,... < 100 DM,1 <= ... < 4 years,3,female : divorced/separated/married,none,2,real estate,Young,none,own,2,skilled employee/official,1,no,yes,27,1,female : divorced/separated/married_Young
no checking account,12,all credits at this bank paid back duly,business,3447,500 <= ... < 1000 DM,1 <= ... < 4 years,4,female : divorced/separated/married,none,3,real estate,Early-Middle,none,own,1,unskilled - resident,2,no,yes,35,1,female : divorced/separated/married_Early-Middle
no checking account,24,existing credits paid back duly till now,others,1258,... < 100 DM,4 <= ... < 7 years,4,male : single,none,1,real estate,Young,none,own,1,skilled employee/official,1,yes,yes,25,1,male : single_Young
no checking account,12,critical account/other credits existing,domestic appliances,717,... < 100 DM,... >= 7 years,4,male : single,none,4,real estate,Mid-Career,none,own,3,skilled employee/official,1,no,yes,52,1,male : single_Mid-Career
no checking account,6,no credits taken/all credits paid back duly,car (new),1204,100 <= ... < 500 DM,1 <= ... < 4 years,4,male : single,none,1,unknown/no property,Early-Middle,bank,rent,1,skilled employee/official,1,no,no,35,1,male : single_Early-Middle
... >= 200 DM / salary for at least 1 year,24,existing credits paid back duly till now,radio/television,1925,... < 100 DM,1 <= ... < 4 years,2,male : single,none,2,real estate,Young,none,own,1,skilled employee/official,1,no,yes,26,1,male : single_Young
no checking account,18,existing credits paid back duly till now,domestic appliances,433,... < 100 DM,unemployed,3,female : divorced/separated/married,co-applicant,4,real estate,Young,none,rent,1,skilled employee/official,1,no,yes,22,0,female : divorced/separated/married_Young
... < 100 DM,6,critical account/other credits existing,car (new),666,... >= 1000 DM,4 <= ... < 7 years,3,female : divorced/separated/married,none,4,real estate,Early-Middle,none,own,2,unskilled - resident,1,yes,yes,39,1,female : divorced/separated/married_Early-Middle
... >= 200 DM / salary for at least 1 year,12,existing credits paid back duly till now,radio/television,2251,... < 100 DM,1 <= ... < 4 years,1,female : divorced/separated/married,none,2,car or other,Mid-Career,none,own,1,unskilled - resident,1,no,yes,46,1,female : divorced/separated/married_Mid-Career
0 <= ... < 200 DM,30,existing credits paid back duly till now,car (new),2150,... < 100 DM,1 <= ... < 4 years,4,female : divorced/separated/married,guarantor,2,unknown/no property,Young,bank,own,1,skilled employee/official,1,no,yes,24,0,female : divorced/separated/married_Young
no checking account,24,delay in paying off in the past,radio/television,4151,100 <= ... < 500 DM,1 <= ... < 4 years,2,male : single,none,3,building society savings agreement/life insurance,Early-Middle,none,own,2,skilled employee/official,1,no,yes,35,1,male : single_Early-Middle
0 <= ... < 200 DM,9,existing credits paid back duly till now,radio/television,2030,unknown/no savings account,4 <= ... < 7 years,2,male : single,none,1,car or other,Young,none,own,1,skilled employee/official,1,yes,yes,24,1,male : single_Young
0 <= ... < 200 DM,60,delay in paying off in the past,domestic appliances,7418,unknown/no savings account,1 <= ... < 4 years,1,male : single,none,1,real estate,Young,none,own,1,unskilled - resident,1,no,yes,27,1,male : single_Young
no checking account,24,critical account/other credits existing,domestic appliances,2684,... < 100 DM,1 <= ... < 4 years,4,male : single,none,2,real estate,Early-Middle,none,own,2,unskilled - resident,1,no,yes,35,1,male : single_Early-Middle
... < 100 DM,12,all credits at this bank paid back duly,domestic appliances,2149,... < 100 DM,1 <= ... < 4 years,4,male : divorced/separated,none,1,unknown/no property,Young,none,for free,1,skilled employee/official,1,no,yes,29,0,male : divorced/separated_Young
no checking account,15,existing credits paid back duly till now,car (used),3812,100 <= ... < 500 DM,... < 1 year,1,female : divorced/separated/married,none,4,car or other,Young,none,own,1,skilled employee/official,1,yes,yes,23,1,female : divorced/separated/married_Young
no checking account,11,critical account/other credits existing,domestic appliances,1154,100 <= ... < 500 DM,unemployed,4,female : divorced/separated/married,none,4,real estate,Late-Career,none,own,3,unskilled - resident,1,no,yes,57,1,female : divorced/separated/married_Late-Career
... < 100 DM,12,existing credits paid back duly till now,radio/television,1657,... < 100 DM,1 <= ... < 4 years,2,male : single,none,2,real estate,Young,none,own,1,skilled employee/official,1,no,yes,27,1,male : single_Young
... < 100 DM,24,existing credits paid back duly till now,domestic appliances,1603,... < 100 DM,... >= 7 years,4,female : divorced/separated/married,none,4,car or other,Mid-Career,none,own,1,skilled employee/official,1,no,yes,55,1,female : divorced/separated/married_Mid-Career
... < 100 DM,18,critical account/other credits existing,car (new),5302,... < 100 DM,... >= 7 years,2,male : single,none,4,unknown/no property,Early-Middle,none,for free,3,management/self-employed/highly qualified employee/officer,1,yes,yes,36,1,male : single_Early-Middle
no checking account,12,critical account/other credits existing,retraining,2748,... < 100 DM,... >= 7 years,2,female : divorced/separated/married,none,4,unknown/no property,Late-Career,bank,for free,3,unskilled - resident,1,no,yes,57,1,female : divorced/separated/married_Late-Career
no checking account,10,critical account/other credits existing,car (new),1231,... < 100 DM,... >= 7 years,3,male : single,none,4,real estate,Early-Middle,none,own,2,unskilled - resident,2,no,no,32,1,male : single_Early-Middle
0 <= ... < 200 DM,15,existing credits paid back duly till now,domestic appliances,802,... < 100 DM,... >= 7 years,4,male : single,none,3,car or other,Early-Middle,none,own,1,skilled employee/official,2,no,yes,37,0,male : single_Early-Middle
no checking account,36,critical account/other credits existing,others,6304,unknown/no savings account,... >= 7 years,4,male : single,none,4,real estate,Early-Middle,none,own,2,skilled employee/official,1,no,yes,36,1,male : single_Early-Middle
no checking account,24,existing credits paid back duly till now,domestic appliances,1533,... < 100 DM,... < 1 year,4,female : divorced/separated/married,none,3,car or other,Early-Middle,stores,own,1,skilled employee/official,1,yes,yes,38,1,female : divorced/separated/married_Early-Middle
... < 100 DM,14,existing credits paid back duly till now,car (new),8978,... < 100 DM,... >= 7 years,1,male : divorced/separated,none,4,building society savings agreement/life insurance,Mid-Career,none,own,1,management/self-employed/highly qualified employee/officer,1,yes,no,45,0,male : divorced/separated_Mid-Career
no checking account,24,existing credits paid back duly till now,domestic appliances,999,unknown/no savings account,... >= 7 years,4,male : single,none,2,car or other,Young,none,own,2,skilled employee/official,1,no,yes,25,1,male : single_Young
no checking account,18,existing credits paid back duly till now,car (new),2662,unknown/no savings account,4 <= ... < 7 years,4,male : single,none,3,building society savings agreement/life insurance,Early-Middle,none,own,1,skilled employee/official,1,no,no,32,1,male : single_Early-Middle
no checking account,12,critical account/other credits existing,radio/television,1402,500 <= ... < 1000 DM,4 <= ... < 7 years,3,female : divorced/separated/married,none,4,car or other,Early-Middle,none,rent,1,skilled employee/official,1,yes,yes,37,1,female : divorced/separated/married_Early-Middle
0 <= ... < 200 DM,48,all credits at this bank paid back duly,car (new),12169,unknown/no savings account,unemployed,4,male : single,co-applicant,4,unknown/no property,Early-Middle,none,for free,1,management/self-employed/highly qualified employee/officer,1,yes,yes,36,1,male : single_Early-Middle
0 <= ... < 200 DM,48,existing credits paid back duly till now,domestic appliances,3060,... < 100 DM,4 <= ... < 7 years,4,male : single,none,4,real estate,Young,none,own,2,skilled employee/official,1,no,yes,28,0,male : single_Young
... < 100 DM,30,existing credits paid back duly till now,education,11998,... < 100 DM,... < 1 year,1,male : divorced/separated,none,1,unknown/no property,Early-Middle,none,own,1,unskilled - resident,1,yes,yes,34,0,male : divorced/separated_Early-Middle
no checking account,9,existing credits paid back duly till now,domestic appliances,2697,... < 100 DM,1 <= ... < 4 years,1,male : single,none,2,real estate,Early-Middle,none,own,1,skilled employee/official,2,no,yes,32,1,male : single_Early-Middle
no checking account,18,critical account/other credits existing,domestic appliances,2404,... < 100 DM,1 <= ... < 4 years,2,female : divorced/separated/married,none,2,car or other,Young,none,own,2,skilled employee/official,1,no,yes,26,1,female : divorced/separated/married_Young
... < 100 DM,12,existing credits paid back duly till now,radio/television,1262,unknown/no savings account,... >= 7 years,2,male : divorced/separated,none,4,building society savings agreement/life insurance,Mid-Career,none,own,1,unskilled - resident,1,yes,yes,49,1,male : divorced/separated_Mid-Career
no checking account,6,existing credits paid back duly till now,radio/television,4611,... < 100 DM,... < 1 year,1,female : divorced/separated/married,none,4,building society savings agreement/life insurance,Early-Middle,none,own,1,skilled employee/official,1,no,yes,32,0,female : divorced/separated/married_Early-Middle
no checking account,24,existing credits paid back duly till now,domestic appliances,1901,100 <= ... < 500 DM,1 <= ... < 4 years,4,male : single,none,4,car or other,Young,none,rent,1,management/self-employed/highly qualified employee/officer,1,yes,yes,29,1,male : single_Young
no checking account,15,critical account/other credits existing,car (used),3368,... >= 1000 DM,... >= 7 years,3,male : single,none,4,unknown/no property,Young,none,rent,2,skilled employee/official,1,yes,yes,23,1,male : single_Young
no checking account,12,existing credits paid back duly till now,radio/television,1574,... < 100 DM,1 <= ... < 4 years,4,male : single,none,2,real estate,Mid-Career,none,own,1,skilled employee/official,1,no,yes,50,1,male : single_Mid-Career
... >= 200 DM / salary for at least 1 year,18,all credits at this bank paid back duly,domestic appliances,1445,unknown/no savings account,4 <= ... < 7 years,4,male : single,none,4,car or other,Mid-Career,bank,own,1,unskilled - resident,1,no,yes,49,1,male : single_Mid-Career
no checking account,15,critical account/other credits existing,radio/television,1520,unknown/no savings account,... >= 7 years,4,male : single,none,4,building society savings agreement/life insurance,Late-Career,none,own,1,skilled employee/official,1,no,yes,63,1,male : single_Late-Career
0 <= ... < 200 DM,24,critical account/other credits existing,car (new),3878,100 <= ... < 500 DM,... < 1 year,4,male : divorced/separated,none,2,car or other,Early-Middle,none,own,1,skilled employee/official,1,yes,yes,37,1,male : divorced/separated_Early-Middle
... < 100 DM,47,existing credits paid back duly till now,car (new),10722,... < 100 DM,... < 1 year,1,female : divorced/separated/married,none,1,real estate,Early-Middle,none,own,1,unskilled - resident,1,yes,yes,35,1,female : divorced/separated/married_Early-Middle
... < 100 DM,48,existing credits paid back duly till now,car (used),4788,... < 100 DM,4 <= ... < 7 years,4,male : single,none,3,building society savings agreement/life insurance,Young,none,own,1,skilled employee/official,2,no,yes,26,1,male : single_Young
0 <= ... < 200 DM,48,delay in paying off in the past,furniture/equipment,7582,100 <= ... < 500 DM,unemployed,2,male : single,none,4,unknown/no property,Early-Middle,none,for free,1,management/self-employed/highly qualified employee/officer,1,yes,yes,31,1,male : single_Early-Middle
0 <= ... < 200 DM,12,existing credits paid back duly till now,domestic appliances,1092,... < 100 DM,1 <= ... < 4 years,4,female : divorced/separated/married,guarantor,4,real estate,Mid-Career,none,own,2,skilled employee/official,1,yes,yes,49,1,female : divorced/separated/married_Mid-Career
... < 100 DM,24,delay in paying off in the past,domestic appliances,1024,... < 100 DM,... < 1 year,4,male : married/widowed,none,4,real estate,Mid-Career,stores,own,1,skilled employee/official,1,no,yes,48,0,male : married/widowed_Mid-Career
no checking account,12,existing credits paid back duly till now,others,1076,... < 100 DM,1 <= ... < 4 years,2,male : married/widowed,none,2,real estate,Young,none,own,1,skilled employee/official,1,yes,no,26,1,male : married/widowed_Young
0 <= ... < 200 DM,36,existing credits paid back duly till now,car (used),9398,... < 100 DM,... < 1 year,1,male : married/widowed,none,4,car or other,Young,none,rent,1,management/self-employed/highly qualified employee/officer,1,yes,yes,28,0,male : married/widowed_Young
... < 100 DM,24,critical account/other credits existing,car (used),6419,... < 100 DM,... >= 7 years,2,female : divorced/separated/married,none,4,unknown/no property,Mid-Career,none,for free,2,management/self-employed/highly qualified employee/officer,2,yes,yes,44,1,female : divorced/separated/married_Mid-Career
... >= 200 DM / salary for at least 1 year,42,critical account/other credits existing,car (used),4796,... < 100 DM,... >= 7 years,4,male : single,none,4,unknown/no property,Late-Career,none,for free,1,skilled employee/official,1,no,yes,56,1,male : single_Late-Career
no checking account,48,critical account/other credits existing,others,7629,unknown/no savings account,... >= 7 years,4,male : divorced/separated,none,2,car or other,Mid-Career,bank,own,2,management/self-employed/highly qualified employee/officer,2,no,yes,46,1,male : divorced/separated_Mid-Career
0 <= ... < 200 DM,48,existing credits paid back duly till now,radio/television,9960,... < 100 DM,... < 1 year,1,female : divorced/separated/married,none,2,car or other,Young,none,own,1,skilled employee/official,1,yes,yes,26,0,female : divorced/separated/married_Young
no checking account,12,existing credits paid back duly till now,car (used),4675,unknown/no savings account,... < 1 year,1,female : divorced/separated/married,none,4,car or other,Young,none,rent,1,skilled employee/official,1,no,yes,20,1,female : divorced/separated/married_Young
no checking account,10,existing credits paid back duly till now,car (new),1287,unknown/no savings account,... >= 7 years,4,male : single,co-applicant,2,building society savings agreement/life insurance,Mid-Career,none,own,1,unskilled - resident,1,no,no,45,1,male : single_Mid-Career
no checking account,18,existing credits paid back duly till now,radio/television,2515,... < 100 DM,1 <= ... < 4 years,3,male : single,none,4,real estate,Mid-Career,none,own,1,skilled employee/official,1,yes,yes,43,1,male : single_Mid-Career
0 <= ... < 200 DM,21,critical account/other credits existing,radio/television,2745,... >= 1000 DM,4 <= ... < 7 years,3,male : single,none,2,car or other,Early-Middle,none,own,2,skilled employee/official,1,yes,yes,32,1,male : single_Early-Middle
no checking account,6,existing credits paid back duly till now,car (new),672,... < 100 DM,unemployed,1,female : divorced/separated/married,none,4,real estate,Mid-Career,none,own,1,unemployed/unskilled - non-resident,1,yes,yes,54,1,female : divorced/separated/married_Mid-Career
0 <= ... < 200 DM,36,no credits taken/all credits paid back duly,domestic appliances,3804,... < 100 DM,1 <= ... < 4 years,4,female : divorced/separated/married,none,1,car or other,Mid-Career,none,own,1,skilled employee/official,1,yes,yes,42,0,female : divorced/separated/married_Mid-Career
... >= 200 DM / salary for at least 1 year,24,critical account/other credits existing,car (new),1344,unknown/no savings account,4 <= ... < 7 years,4,male : single,none,2,real estate,Early-Middle,bank,own,2,unskilled - resident,2,no,yes,37,0,male : single_Early-Middle
... < 100 DM,10,critical account/other credits existing,car (new),1038,... < 100 DM,4 <= ... < 7 years,4,male : single,co-applicant,3,building society savings agreement/life insurance,Mid-Career,none,own,2,skilled employee/official,1,yes,yes,49,1,male : single_Mid-Career
no checking account,48,critical account/other credits existing,car (new),10127,500 <= ... < 1000 DM,1 <= ... < 4 years,2,male : single,none,2,unknown/no property,Mid-Career,bank,for free,1,skilled employee/official,1,no,yes,44,0,male : single_Mid-Career
no checking account,6,existing credits paid back duly till now,radio/television,1543,... >= 1000 DM,1 <= ... < 4 years,4,male : divorced/separated,none,2,real estate,Early-Middle,none,own,1,skilled employee/official,1,no,yes,33,1,male : divorced/separated_Early-Middle
no checking account,30,existing credits paid back duly till now,car (used),4811,unknown/no savings account,4 <= ... < 7 years,2,female : divorced/separated/married,none,4,building society savings agreement/life insurance,Young,stores,rent,1,unskilled - resident,1,no,yes,24,1,female : divorced/separated/married_Young
... < 100 DM,12,existing credits paid back duly till now,domestic appliances,727,100 <= ... < 500 DM,... < 1 year,4,male : married/widowed,none,3,unknown/no property,Early-Middle,none,own,1,unskilled - resident,1,yes,yes,33,0,male : married/widowed_Early-Middle
0 <= ... < 200 DM,8,existing credits paid back duly till now,radio/television,1237,... < 100 DM,1 <= ... < 4 years,3,female : divorced/separated/married,none,4,real estate,Young,none,own,1,skilled employee/official,1,no,yes,24,0,female : divorced/separated/married_Young
0 <= ... < 200 DM,9,existing credits paid back duly till now,car (new),276,... < 100 DM,1 <= ... < 4 years,4,male : married/widowed,none,4,real estate,Young,none,rent,1,unskilled - resident,1,no,yes,22,1,male : married/widowed_Young
0 <= ... < 200 DM,48,existing credits paid back duly till now,furniture/equipment,5381,unknown/no savings account,unemployed,3,male : single,none,4,unknown/no property,Early-Middle,bank,for free,1,unemployed/unskilled - non-resident,1,yes,yes,40,1,male : single_Early-Middle
no checking account,24,existing credits paid back duly till now,radio/television,5511,100 <= ... < 500 DM,1 <= ... < 4 years,4,male : single,none,1,car or other,Young,stores,own,1,skilled employee/official,1,no,yes,25,1,male : single_Young
... >= 200 DM / salary for at least 1 year,24,existing credits paid back duly till now,radio/television,3749,... < 100 DM,... < 1 year,2,female : divorced/separated/married,none,4,car or other,Young,none,own,1,skilled employee/official,1,no,yes,26,1,female : divorced/separated/married_Young
0 <= ... < 200 DM,12,existing credits paid back duly till now,car (new),685,... < 100 DM,4 <= ... < 7 years,2,male : married/widowed,none,3,car or other,Young,bank,own,1,unskilled - resident,1,no,yes,25,0,male : married/widowed_Young
... >= 200 DM / salary for at least 1 year,4,existing credits paid back duly till now,car (new),1494,unknown/no savings account,... < 1 year,1,male : single,none,2,real estate,Young,none,own,1,unskilled - resident,2,no,no,29,1,male : single_Young
... < 100 DM,36,all credits at this bank paid back duly,radio/television,2746,... < 100 DM,... >= 7 years,4,male : single,none,4,car or other,Early-Middle,bank,own,1,skilled employee/official,1,no,yes,31,0,male : single_Early-Middle
... < 100 DM,12,existing credits paid back duly till now,radio/television,708,... < 100 DM,1 <= ... < 4 years,2,male : single,guarantor,3,building society savings agreement/life insurance,Early-Middle,none,own,1,unskilled - resident,2,no,yes,38,1,male : single_Early-Middle
0 <= ... < 200 DM,24,existing credits paid back duly till now,radio/television,4351,unknown/no savings account,1 <= ... < 4 years,1,female : divorced/separated/married,none,4,building society savings agreement/life insurance,Mid-Career,none,own,1,unskilled - resident,1,yes,yes,48,1,female : divorced/separated/married_Mid-Career
no checking account,12,critical account/other credits existing,retraining,701,... < 100 DM,1 <= ... < 4 years,4,male : single,none,2,car or other,Early-Middle,none,own,2,skilled employee/official,1,no,yes,32,1,male : single_Early-Middle
... < 100 DM,15,delay in paying off in the past,radio/television,3643,... < 100 DM,... >= 7 years,1,female : divorced/separated/married,none,4,building society savings agreement/life insurance,Young,none,own,2,unskilled - resident,1,no,yes,27,1,female : divorced/separated/married_Young
0 <= ... < 200 DM,30,critical account/other credits existing,car (new),4249,... < 100 DM,unemployed,4,male : married/widowed,none,2,car or other,Young,none,own,2,management/self-employed/highly qualified employee/officer,1,no,yes,28,0,male : married/widowed_Young
... < 100 DM,24,existing credits paid back duly till now,domestic appliances,1938,... < 100 DM,... < 1 year,4,male : divorced/separated,none,3,building society savings agreement/life insurance,Early-Middle,none,own,1,skilled employee/official,1,no,yes,32,0,male : divorced/separated_Early-Middle
... < 100 DM,24,existing credits paid back duly till now,car (used),2910,... < 100 DM,4 <= ... < 7 years,2,male : single,none,1,unknown/no property,Early-Middle,none,for free,1,management/self-employed/highly qualified employee/officer,1,yes,yes,34,1,male : single_Early-Middle
... < 100 DM,18,existing credits paid back duly till now,radio/television,2659,... >= 1000 DM,1 <= ... < 4 years,4,male : single,none,2,car or other,Young,none,own,1,skilled employee/official,1,no,yes,28,1,male : single_Young
no checking account,18,critical account/other credits existing,car (new),1028,... < 100 DM,1 <= ... < 4 years,4,female : divorced/separated/married,none,3,real estate,Early-Middle,none,own,2,skilled employee/official,1,no,yes,36,1,female : divorced/separated/married_Early-Middle
... < 100 DM,8,critical account/other credits existing,car (new),3398,... < 100 DM,4 <= ... < 7 years,1,male : single,none,4,real estate,Early-Middle,none,own,2,unskilled - resident,1,no,no,39,1,male : single_Early-Middle
no checking account,12,critical account/other credits existing,radio/television,5801,unknown/no savings account,... >= 7 years,2,male : single,none,4,building society savings agreement/life insurance,Mid-Career,none,rent,1,skilled employee/official,1,yes,yes,49,1,male : single_Mid-Career
no checking account,24,existing credits paid back duly till now,car (new),1525,... >= 1000 DM,4 <= ... < 7 years,4,female : divorced/separated/married,none,3,car or other,Early-Middle,none,own,1,skilled employee/official,2,yes,yes,34,1,female : divorced/separated/married_Early-Middle
... >= 200 DM / salary for at least 1 year,36,existing credits paid back duly till now,domestic appliances,4473,... < 100 DM,... >= 7 years,4,male : single,none,2,car or other,Early-Middle,none,own,1,skilled employee/official,1,no,yes,31,1,male : single_Early-Middle
0 <= ... < 200 DM,6,existing credits paid back duly till now,domestic appliances,1068,... < 100 DM,... >= 7 years,4,male : single,none,4,car or other,Young,none,own,1,skilled employee/official,2,no,yes,28,1,male : single_Young
... < 100 DM,24,critical account/other credits existing,car (used),6615,... < 100 DM,unemployed,2,male : single,none,4,unknown/no property,Late-Career,none,for free,2,management/self-employed/highly qualified employee/officer,1,yes,yes,75,1,male : single_Late-Career
no checking account,18,critical account/other credits existing,retraining,1864,100 <= ... < 500 DM,1 <= ... < 4 years,4,female : divorced/separated/married,none,2,real estate,Young,none,own,2,skilled employee/official,1,no,yes,30,0,female : divorced/separated/married_Young
0 <= ... < 200 DM,60,existing credits paid back duly till now,car (new),7408,100 <= ... < 500 DM,... < 1 year,4,female : divorced/separated/married,none,2,building society savings agreement/life insurance,Young,none,own,1,management/self-employed/highly qualified employee/officer,1,no,yes,24,0,female : divorced/separated/married_Young
no checking account,48,critical account/other credits existing,car (used),11590,100 <= ... < 500 DM,1 <= ... < 4 years,2,female : divorced/separated/married,none,4,car or other,Young,bank,rent,2,unskilled - resident,1,no,yes,24,0,female : divorced/separated/married_Young
... < 100 DM,24,no credits taken/all credits paid back duly,radio/television,4110,... < 100 DM,... >= 7 years,3,male : single,none,4,unknown/no property,Young,bank,rent,2,skilled employee/official,2,no,yes,23,0,male : single_Young
... < 100 DM,6,critical account/other credits existing,radio/television,3384,... < 100 DM,1 <= ... < 4 years,1,male : divorced/separated,none,4,real estate,Mid-Career,none,rent,1,management/self-employed/highly qualified employee/officer,1,yes,yes,44,0,male : divorced/separated_Mid-Career
0 <= ... < 200 DM,13,existing credits paid back duly till now,domestic appliances,2101,... < 100 DM,... < 1 year,2,female : divorced/separated/married,guarantor,4,building society savings agreement/life insurance,Young,none,own,1,unskilled - resident,1,no,yes,23,1,female : divorced/separated/married_Young
... < 100 DM,15,existing credits paid back duly till now,repairs,1275,unknown/no savings account,1 <= ... < 4 years,4,female : divorced/separated/married,none,2,car or other,Young,none,rent,1,skilled employee/official,1,no,yes,24,0,female : divorced/separated/married_Young
... < 100 DM,24,existing credits paid back duly till now,radio/television,4169,... < 100 DM,1 <= ... < 4 years,4,male : single,none,4,building society savings agreement/life insurance,Young,none,own,1,skilled employee/official,1,no,yes,28,1,male : single_Young
0 <= ... < 200 DM,10,existing credits paid back duly till now,radio/television,1521,... < 100 DM,1 <= ... < 4 years,4,male : divorced/separated,none,2,car or other,Early-Middle,none,own,1,unskilled - resident,1,no,yes,31,1,male : divorced/separated_Early-Middle
0 <= ... < 200 DM,24,critical account/other credits existing,retraining,5743,... < 100 DM,... < 1 year,2,female : divorced/separated/married,none,4,unknown/no property,Young,none,for free,2,skilled employee/official,1,yes,yes,24,1,female : divorced/separated/married_Young
... < 100 DM,21,existing credits paid back duly till now,radio/television,3599,... < 100 DM,4 <= ... < 7 years,1,female : divorced/separated/married,none,4,car or other,Young,none,rent,1,unskilled - resident,1,no,yes,26,1,female : divorced/separated/married_Young
0 <= ... < 200 DM,18,existing credits paid back duly till now,domestic appliances,3213,500 <= ... < 1000 DM,... < 1 year,1,male : married/widowed,none,3,real estate,Young,none,rent,1,skilled employee/official,1,no,yes,25,1,male : married/widowed_Young
0 <= ... < 200 DM,18,existing credits paid back duly till now,others,4439,... < 100 DM,... >= 7 years,1,male : single,co-applicant,1,real estate,Early-Middle,bank,own,1,management/self-employed/highly qualified employee/officer,1,yes,yes,33,1,male : single_Early-Middle
... >= 200 DM / salary for at least 1 year,10,existing credits paid back duly till now,car (new),3949,... < 100 DM,... < 1 year,1,male : single,guarantor,1,building society savings agreement/life insurance,Early-Middle,none,own,1,unskilled - resident,2,no,yes,37,1,male : single_Early-Middle
no checking account,15,critical account/other credits existing,domestic appliances,1459,... < 100 DM,1 <= ... < 4 years,4,female : divorced/separated/married,none,2,car or other,Mid-Career,none,own,1,unskilled - resident,1,no,yes,43,1,female : divorced/separated/married_Mid-Career
0 <= ... < 200 DM,13,critical account/other credits existing,domestic appliances,882,... < 100 DM,... < 1 year,4,male : single,guarantor,4,real estate,Young,none,own,2,skilled employee/official,1,no,yes,23,1,male : single_Young
0 <= ... < 200 DM,24,existing credits paid back duly till now,domestic appliances,3758,500 <= ... < 1000 DM,unemployed,1,female : divorced/separated/married,none,4,unknown/no property,Young,none,rent,1,unemployed/unskilled - non-resident,1,no,yes,23,1,female : divorced/separated/married_Young
no checking account,6,delay in paying off in the past,others,1743,100 <= ... < 500 DM,1 <= ... < 4 years,1,male : single,none,2,real estate,Early-Middle,none,own,2,unskilled - resident,1,no,yes,34,1,male : single_Early-Middle
0 <= ... < 200 DM,9,critical account/other credits existing,retraining,1136,... >= 1000 DM,... >= 7 years,4,male : single,none,3,unknown/no property,Early-Middle,none,for free,2,skilled employee/official,2,no,yes,32,0,male : single_Early-Middle
no checking account,9,existing credits paid back duly till now,repairs,1236,... < 100 DM,... < 1 year,1,female : divorced/separated/married,none,4,real estate,Young,none,rent,1,skilled employee/official,1,yes,yes,23,1,female : divorced/separated/married_Young
0 <= ... < 200 DM,9,existing credits paid back duly till now,radio/television,959,... < 100 DM,1 <= ... < 4 years,1,female : divorced/separated/married,none,2,car or other,Young,none,own,1,skilled employee/official,1,no,no,29,0,female : divorced/separated/married_Young
no checking account,18,critical account/other credits existing,car (used),3229,unknown/no savings account,unemployed,2,male : single,none,4,unknown/no property,Early-Middle,none,own,1,management/self-employed/highly qualified employee/officer,1,yes,yes,38,1,male : single_Early-Middle
... < 100 DM,12,no credits taken/all credits paid back duly,domestic appliances,6199,... < 100 DM,1 <= ... < 4 years,4,male : single,none,2,building society savings agreement/life insurance,Young,none,rent,2,skilled employee/official,1,yes,yes,28,0,male : single_Young
no checking account,10,existing credits paid back duly till now,retraining,727,500 <= ... < 1000 DM,... >= 7 years,4,male : single,none,4,unknown/no property,Mid-Career,none,for free,1,skilled employee/official,1,yes,yes,46,1,male : single_Mid-Career
0 <= ... < 200 DM,24,existing credits paid back duly till now,car (new),1246,... < 100 DM,... < 1 year,4,male : single,none,2,real estate,Young,stores,own,1,unskilled - resident,1,no,yes,23,0,male : single_Young
no checking account,12,critical account/other credits existing,domestic appliances,2331,unknown/no savings account,... >= 7 years,1,male : single,co-applicant,4,real estate,Mid-Career,none,own,1,skilled employee/official,1,yes,yes,49,1,male : single_Mid-Career
no checking account,36,delay in paying off in the past,domestic appliances,4463,... < 100 DM,1 <= ... < 4 years,4,male : single,none,2,car or other,Young,none,own,2,management/self-employed/highly qualified employee/officer,1,yes,yes,26,0,male : single_Young
no checking account,12,existing credits paid back duly till now,domestic appliances,776,... < 100 DM,1 <= ... < 4 years,4,male : married/widowed,none,2,real estate,Young,none,own,1,skilled employee/official,1,no,yes,28,1,male : married/widowed_Young
... < 100 DM,30,existing credits paid back duly till now,radio/television,2406,... < 100 DM,4 <= ... < 7 years,4,female : divorced/separated/married,none,4,real estate,Young,none,rent,1,skilled employee/official,1,no,yes,23,0,female : divorced/separated/married_Young
0 <= ... < 200 DM,18,existing credits paid back duly till now,retraining,1239,unknown/no savings account,1 <= ... < 4 years,4,male : single,none,4,unknown/no property,Late-Career,none,for free,1,skilled employee/official,1,no,yes,61,1,male : single_Late-Career
... >= 200 DM / salary for at least 1 year,12,existing credits paid back duly till now,domestic appliances,3399,unknown/no savings account,... >= 7 years,2,male : single,none,3,car or other,Early-Middle,none,own,1,management/self-employed/highly qualified employee/officer,1,no,yes,37,1,male : single_Early-Middle
... >= 200 DM / salary for at least 1 year,12,delay in paying off in the past,car (new),2247,... < 100 DM,1 <= ... < 4 years,2,female : divorced/separated/married,none,2,car or other,Early-Middle,stores,own,2,skilled employee/official,1,yes,yes,36,1,female : divorced/separated/married_Early-Middle
no checking account,6,existing credits paid back duly till now,radio/television,1766,... < 100 DM,1 <= ... < 4 years,1,male : married/widowed,none,2,building society savings agreement/life insurance,Young,none,rent,1,skilled employee/official,1,no,yes,21,1,male : married/widowed_Young
... < 100 DM,18,existing credits paid back duly till now,radio/television,2473,... < 100 DM,unemployed,4,male : single,none,1,car or other,Young,none,own,1,unemployed/unskilled - non-resident,1,no,yes,25,0,male : single_Young
no checking account,12,existing credits paid back duly till now,others,1542,... < 100 DM,4 <= ... < 7 years,2,male : single,none,4,car or other,Early-Middle,none,own,1,skilled employee/official,1,yes,yes,36,1,male : single_Early-Middle
no checking account,18,critical account/other credits existing,car (used),3850,... < 100 DM,4 <= ... < 7 years,3,male : single,none,1,car or other,Young,none,own,2,skilled employee/official,1,no,yes,27,1,male : single_Young
... < 100 DM,18,existing credits paid back duly till now,radio/television,3650,... < 100 DM,... < 1 year,1,female : divorced/separated/married,none,4,car or other,Young,none,rent,1,skilled employee/official,1,no,yes,22,1,female : divorced/separated/married_Young
... < 100 DM,36,existing credits paid back duly till now,radio/television,3446,... < 100 DM,... >= 7 years,4,male : single,none,2,car or other,Mid-Career,none,own,1,skilled employee/official,2,no,yes,42,0,male : single_Mid-Career
0 <= ... < 200 DM,18,existing credits paid back duly till now,radio/television,3001,... < 100 DM,4 <= ... < 7 years,2,female : divorced/separated/married,none,4,real estate,Early-Middle,none,rent,1,skilled employee/official,1,no,yes,40,1,female : divorced/separated/married_Early-Middle
no checking account,36,existing credits paid back duly till now,car (new),3079,unknown/no savings account,1 <= ... < 4 years,4,male : single,none,4,real estate,Early-Middle,none,own,1,skilled employee/official,1,no,yes,36,1,male : single_Early-Middle
no checking account,18,critical account/other credits existing,domestic appliances,6070,... < 100 DM,... >= 7 years,3,male : single,none,4,car or other,Early-Middle,none,own,2,skilled employee/official,1,yes,yes,33,1,male : single_Early-Middle
no checking account,10,critical account/other credits existing,radio/television,2146,... < 100 DM,... < 1 year,1,female : divorced/separated/married,none,3,real estate,Young,none,rent,2,skilled employee/official,1,no,yes,23,1,female : divorced/separated/married_Young
no checking account,60,critical account/other credits existing,car (new),13756,unknown/no savings account,... >= 7 years,2,male : single,none,4,unknown/no property,Late-Career,bank,for free,1,management/self-employed/highly qualified employee/officer,1,yes,yes,63,1,male : single_Late-Career
0 <= ... < 200 DM,60,all credits at this bank paid back duly,furniture/equipment,14782,100 <= ... < 500 DM,... >= 7 years,3,female : divorced/separated/married,none,4,unknown/no property,Late-Career,bank,for free,2,management/self-employed/highly qualified employee/officer,1,yes,yes,60,0,female : divorced/separated/married_Late-Career
... < 100 DM,48,all credits at this bank paid back duly,others,7685,... < 100 DM,4 <= ... < 7 years,2,female : divorced/separated/married,guarantor,4,car or other,Early-Middle,none,rent,1,skilled employee/official,1,no,yes,37,0,female : divorced/separated/married_Early-Middle
no checking account,18,delay in paying off in the past,domestic appliances,2320,... < 100 DM,unemployed,2,male : married/widowed,none,3,real estate,Early-Middle,none,own,2,skilled employee/official,1,no,yes,34,1,male : married/widowed_Early-Middle
no checking account,7,delay in paying off in the past,domestic appliances,846,unknown/no savings account,... >= 7 years,3,male : single,none,4,unknown/no property,Early-Middle,none,for free,1,skilled employee/official,1,no,yes,36,1,male : single_Early-Middle
0 <= ... < 200 DM,36,existing credits paid back duly till now,car (new),14318,... < 100 DM,... >= 7 years,4,male : single,none,2,unknown/no property,Late-Career,none,for free,1,management/self-employed/highly qualified employee/officer,1,yes,yes,57,0,male : single_Late-Career
no checking account,6,critical account/other credits existing,car (new),362,100 <= ... < 500 DM,1 <= ... < 4 years,4,female : divorced/separated/married,none,4,car or other,Mid-Career,none,own,2,unskilled - resident,1,no,yes,52,1,female : divorced/separated/married_Mid-Career
... < 100 DM,20,existing credits paid back duly till now,radio/television,2212,unknown/no savings account,4 <= ... < 7 years,4,male : single,none,4,car or other,Early-Middle,none,own,1,skilled employee/official,1,yes,yes,39,1,male : single_Early-Middle
0 <= ... < 200 DM,18,existing credits paid back duly till now,car (used),12976,... < 100 DM,unemployed,3,female : divorced/separated/married,none,4,unknown/no property,Early-Middle,none,for free,1,management/self-employed/highly qualified employee/officer,1,yes,yes,38,0,female : divorced/separated/married_Early-Middle
no checking account,22,existing credits paid back duly till now,car (new),1283,unknown/no savings account,4 <= ... < 7 years,4,female : divorced/separated/married,none,4,building society savings agreement/life insurance,Young,none,rent,1,skilled employee/official,1,no,yes,25,1,female : divorced/separated/married_Young
... >= 200 DM / salary for at least 1 year,12,existing credits paid back duly till now,car (new),1330,... < 100 DM,... < 1 year,4,male : single,none,1,real estate,Young,none,own,1,skilled employee/official,1,no,yes,26,1,male : single_Young
no checking account,30,delay in paying off in the past,others,4272,100 <= ... < 500 DM,1 <= ... < 4 years,2,male : single,none,2,building society savings agreement/life insurance,Young,none,own,2,unskilled - resident,1,no,yes,26,1,male : single_Young
no checking account,18,critical account/other credits existing,domestic appliances,2238,... < 100 DM,1 <= ... < 4 years,2,female : divorced/separated/married,none,1,car or other,Young,none,own,2,skilled employee/official,1,no,yes,25,1,female : divorced/separated/married_Young
no checking account,18,existing credits paid back duly till now,domestic appliances,1126,unknown/no savings account,... < 1 year,4,female : divorced/separated/married,none,2,real estate,Young,none,rent,1,skilled employee/official,1,yes,yes,21,1,female : divorced/separated/married_Young
0 <= ... < 200 DM,18,critical account/other credits existing,radio/television,7374,... < 100 DM,unemployed,4,male : single,none,4,building society savings agreement/life insurance,Early-Middle,stores,own,2,management/self-employed/highly qualified employee/officer,1,yes,yes,40,1,male : single_Early-Middle
0 <= ... < 200 DM,15,critical account/other credits existing,others,2326,500 <= ... < 1000 DM,1 <= ... < 4 years,2,male : single,none,4,car or other,Young,bank,own,1,skilled employee/official,1,no,yes,27,1,male : single_Young
no checking account,9,existing credits paid back duly till now,others,1449,... < 100 DM,4 <= ... < 7 years,3,female : divorced/separated/married,none,2,car or other,Young,none,own,2,skilled employee/official,1,no,yes,27,1,female : divorced/separated/married_Young
no checking account,18,existing credits paid back duly till now,car (new),1820,... < 100 DM,1 <= ... < 4 years,2,male : married/widowed,none,2,building society savings agreement/life insurance,Young,none,own,1,management/self-employed/highly qualified employee/officer,1,yes,yes,30,1,male : married/widowed_Young
0 <= ... < 200 DM,12,existing credits paid back duly till now,radio/television,983,... >= 1000 DM,... < 1 year,1,female : divorced/separated/married,none,4,real estate,Young,none,rent,1,unskilled - resident,1,no,yes,19,1,female : divorced/separated/married_Young
... < 100 DM,36,existing credits paid back duly till now,car (new),3249,... < 100 DM,4 <= ... < 7 years,2,male : single,none,4,unknown/no property,Early-Middle,bank,for free,1,management/self-employed/highly qualified employee/officer,2,yes,yes,39,1,male : single_Early-Middle
... < 100 DM,6,critical account/other credits existing,domestic appliances,1957,... < 100 DM,4 <= ... < 7 years,1,female : divorced/separated/married,none,4,car or other,Early-Middle,none,own,1,skilled employee/official,1,no,yes,31,1,female : divorced/separated/married_Early-Middle
no checking account,9,critical account/other credits existing,radio/television,2406,... < 100 DM,unemployed,2,male : single,none,3,car or other,Early-Middle,none,own,1,management/self-employed/highly qualified employee/officer,1,no,yes,31,1,male : single_Early-Middle
0 <= ... < 200 DM,39,delay in paying off in the past,retraining,11760,100 <= ... < 500 DM,4 <= ... < 7 years,2,male : single,none,3,unknown/no property,Early-Middle,none,rent,1,skilled employee/official,1,yes,yes,32,1,male : single_Early-Middle
... < 100 DM,12,existing credits paid back duly till now,radio/television,2578,... < 100 DM,unemployed,3,female : divorced/separated/married,none,4,unknown/no property,Mid-Career,none,for free,1,management/self-employed/highly qualified employee/officer,1,no,yes,55,1,female : divorced/separated/married_Mid-Career
... < 100 DM,36,critical account/other credits existing,radio/television,2348,... < 100 DM,1 <= ... < 4 years,3,male : married/widowed,none,2,building society savings agreement/life insurance,Mid-Career,none,own,2,skilled employee/official,1,yes,yes,46,1,male : married/widowed_Mid-Career
0 <= ... < 200 DM,12,existing credits paid back duly till now,car (new),1223,... < 100 DM,... >= 7 years,1,male : divorced/separated,none,1,real estate,Mid-Career,none,rent,2,skilled employee/official,1,no,yes,46,0,male : divorced/separated_Mid-Career
no checking account,24,critical account/other credits existing,domestic appliances,1516,... >= 1000 DM,1 <= ... < 4 years,4,female : divorced/separated/married,none,1,real estate,Mid-Career,none,own,2,unskilled - resident,1,no,yes,43,1,female : divorced/separated/married_Mid-Career
no checking account,18,existing credits paid back duly till now,domestic appliances,1473,... < 100 DM,... < 1 year,3,male : married/widowed,none,4,real estate,Early-Middle,none,own,1,skilled employee/official,1,yes,yes,39,1,male : married/widowed_Early-Middle
0 <= ... < 200 DM,18,critical account/other credits existing,others,1887,unknown/no savings account,1 <= ... < 4 years,4,male : married/widowed,none,4,real estate,Young,bank,own,2,skilled employee/official,1,no,yes,28,1,male : married/widowed_Young
no checking account,24,delay in paying off in the past,others,8648,... < 100 DM,... < 1 year,2,male : single,none,2,car or other,Young,bank,own,2,skilled employee/official,1,yes,yes,27,0,male : single_Young
no checking account,14,delay in paying off in the past,car (new),802,... < 100 DM,1 <= ... < 4 years,4,male : single,none,2,car or other,Young,none,own,2,unskilled - resident,1,no,yes,27,1,male : single_Young
0 <= ... < 200 DM,18,delay in paying off in the past,car (new),2899,unknown/no savings account,... >= 7 years,4,male : single,none,4,car or other,Mid-Career,none,own,1,skilled employee/official,2,no,yes,43,1,male : single_Mid-Career
0 <= ... < 200 DM,24,existing credits paid back duly till now,domestic appliances,2039,... < 100 DM,... < 1 year,1,male : married/widowed,none,1,building society savings agreement/life insurance,Young,none,own,1,skilled employee/official,1,yes,yes,22,0,male : married/widowed_Young
no checking account,24,critical account/other credits existing,car (used),2197,unknown/no savings account,4 <= ... < 7 years,4,male : single,none,4,car or other,Mid-Career,none,own,2,skilled employee/official,2,yes,yes,43,1,male : single_Mid-Career
... < 100 DM,15,existing credits paid back duly till now,domestic appliances,1053,... < 100 DM,... < 1 year,4,male : married/widowed,none,2,real estate,Young,none,own,1,skilled employee/official,1,no,no,27,1,male : married/widowed_Young
no checking account,24,existing credits paid back duly till now,domestic appliances,3235,500 <= ... < 1000 DM,... >= 7 years,3,male : divorced/separated,none,2,car or other,Young,none,own,1,management/self-employed/highly qualified employee/officer,1,yes,yes,26,1,male : divorced/separated_Young
... >= 200 DM / salary for at least 1 year,12,critical account/other credits existing,car (new),939,500 <= ... < 1000 DM,4 <= ... < 7 years,4,male : married/widowed,none,2,real estate,Young,none,own,3,skilled employee/official,1,yes,yes,28,0,male : married/widowed_Young
0 <= ... < 200 DM,24,existing credits paid back duly till now,domestic appliances,1967,... < 100 DM,... >= 7 years,4,female : divorced/separated/married,none,4,car or other,Young,none,own,1,skilled employee/official,1,yes,yes,20,1,female : divorced/separated/married_Young
no checking account,33,critical account/other credits existing,car (used),7253,... < 100 DM,4 <= ... < 7 years,3,male : single,none,2,car or other,Early-Middle,none,own,2,management/self-employed/highly qualified employee/officer,1,yes,yes,35,1,male : single_Early-Middle
no checking account,12,critical account/other credits existing,others,2292,... < 100 DM,unemployed,4,male : single,none,2,car or other,Mid-Career,stores,own,2,management/self-employed/highly qualified employee/officer,1,yes,yes,42,0,male : single_Mid-Career
no checking account,10,existing credits paid back duly till now,car (new),1597,500 <= ... < 1000 DM,1 <= ... < 4 years,3,male : single,none,2,unknown/no property,Early-Middle,none,rent,1,unskilled - resident,2,no,no,40,1,male : single_Early-Middle
... < 100 DM,24,existing credits paid back duly till now,car (new),1381,unknown/no savings account,1 <= ... < 4 years,4,female : divorced/separated/married,none,2,building society savings agreement/life insurance,Early-Middle,none,own,1,skilled employee/official,1,no,yes,35,0,female : divorced/separated/married_Early-Middle
no checking account,36,critical account/other credits existing,car (used),5842,... < 100 DM,... >= 7 years,2,male : single,none,2,building society savings agreement/life insurance,Early-Middle,none,own,2,skilled employee/official,2,yes,yes,35,1,male : single_Early-Middle
... < 100 DM,12,existing credits paid back duly till now,car (new),2579,... < 100 DM,... < 1 year,4,male : single,none,1,real estate,Early-Middle,none,own,1,unskilled - resident,2,no,yes,33,0,male : single_Early-Middle
... < 100 DM,18,delay in paying off in the past,retraining,8471,unknown/no savings account,1 <= ... < 4 years,1,female : divorced/separated/married,none,2,car or other,Young,none,rent,2,skilled employee/official,1,yes,yes,23,1,female : divorced/separated/married_Young
no checking account,21,existing credits paid back duly till now,car (new),2782,500 <= ... < 1000 DM,4 <= ... < 7 years,1,female : divorced/separated/married,none,2,car or other,Early-Middle,bank,own,1,management/self-employed/highly qualified employee/officer,1,no,yes,31,1,female : divorced/separated/married_Early-Middle
0 <= ... < 200 DM,18,existing credits paid back duly till now,car (new),1042,unknown/no savings account,1 <= ... < 4 years,4,female : divorced/separated/married,none,2,building society savings agreement/life insurance,Early-Middle,none,own,1,skilled employee/official,1,no,yes,33,0,female : divorced/separated/married_Early-Middle
no checking account,15,existing credits paid back duly till now,car (new),3186,... >= 1000 DM,4 <= ... < 7 years,2,female : divorced/separated/married,none,3,car or other,Young,none,rent,1,skilled employee/official,1,no,yes,20,1,female : divorced/separated/married_Young
0 <= ... < 200 DM,12,existing credits paid back duly till now,car (used),2028,unknown/no savings account,1 <= ... < 4 years,4,male : single,none,2,car or other,Young,none,own,1,skilled employee/official,1,no,yes,30,1,male : single_Young
0 <= ... < 200 DM,12,critical account/other credits existing,car (new),958,... < 100 DM,4 <= ... < 7 years,2,male : single,none,3,real estate,Mid-Career,none,own,2,unskilled - resident,2,no,yes,47,1,male : single_Mid-Career
no checking account,21,delay in paying off in the past,radio/television,1591,100 <= ... < 500 DM,4 <= ... < 7 years,4,male : single,none,3,real estate,Early-Middle,none,own,2,management/self-employed/highly qualified employee/officer,1,no,yes,34,1,male : single_Early-Middle
0 <= ... < 200 DM,12,existing credits paid back duly till now,radio/television,2762,unknown/no savings account,... >= 7 years,1,female : divorced/separated/married,none,2,building society savings agreement/life insurance,Young,bank,own,1,skilled employee/official,1,yes,yes,25,0,female : divorced/separated/married_Young
0 <= ... < 200 DM,18,existing credits paid back duly till now,car (used),2779,... < 100 DM,1 <= ... < 4 years,1,male : married/widowed,none,3,car or other,Young,none,rent,1,skilled employee/official,1,yes,yes,21,1,male : married/widowed_Young
no checking account,28,critical account/other credits existing,domestic appliances,2743,... < 100 DM,... >= 7 years,4,male : single,none,2,car or other,Young,none,own,2,skilled employee/official,1,no,yes,29,1,male : single_Young
no checking account,18,critical account/other credits existing,domestic appliances,1149,... >= 1000 DM,1 <= ... < 4 years,4,male : single,none,3,real estate,Mid-Career,none,own,2,skilled employee/official,1,no,yes,46,1,male : single_Mid-Career
no checking account,9,existing credits paid back duly till now,radio/television,1313,... < 100 DM,... >= 7 years,1,male : single,none,4,car or other,Young,none,own,1,skilled employee/official,1,no,yes,20,1,male : single_Young
... < 100 DM,18,critical account/other credits existing,education,1190,... < 100 DM,unemployed,2,female : divorced/separated/married,none,4,unknown/no property,Mid-Career,none,for free,3,unemployed/unskilled - non-resident,2,no,yes,55,0,female : divorced/separated/married_Mid-Career
no checking account,5,existing credits paid back duly till now,others,3448,... < 100 DM,4 <= ... < 7 years,1,male : single,none,4,real estate,Late-Career,none,own,1,unskilled - resident,1,no,yes,74,1,male : single_Late-Career
0 <= ... < 200 DM,24,existing credits paid back duly till now,furniture/equipment,11328,... < 100 DM,1 <= ... < 4 years,2,male : single,co-applicant,3,car or other,Young,bank,own,2,management/self-employed/highly qualified employee/officer,1,yes,yes,29,0,male : single_Young
... < 100 DM,6,critical account/other credits existing,radio/television,1872,... < 100 DM,unemployed,4,male : single,none,4,unknown/no property,Early-Middle,none,for free,3,management/self-employed/highly qualified employee/officer,1,yes,yes,36,1,male : single_Early-Middle
no checking account,24,critical account/other credits existing,education,2058,... < 100 DM,1 <= ... < 4 years,4,male : divorced/separated,none,2,real estate,Early-Middle,none,own,2,skilled employee/official,1,yes,yes,33,1,male : divorced/separated_Early-Middle
... < 100 DM,9,existing credits paid back duly till now,radio/television,2136,... < 100 DM,1 <= ... < 4 years,3,male : single,none,2,real estate,Young,none,own,1,skilled employee/official,1,no,yes,25,1,male : single_Young
0 <= ... < 200 DM,12,existing credits paid back duly till now,domestic appliances,1484,unknown/no savings account,1 <= ... < 4 years,2,male : married/widowed,none,1,real estate,Young,none,own,1,skilled employee/official,1,yes,yes,25,0,male : married/widowed_Young
no checking account,6,existing credits paid back duly till now,education,660,500 <= ... < 1000 DM,4 <= ... < 7 years,2,male : married/widowed,none,4,real estate,Young,none,rent,1,unskilled - resident,1,no,yes,23,1,male : married/widowed_Young
no checking account,24,critical account/other credits existing,car (new),1287,... >= 1000 DM,... >= 7 years,4,female : divorced/separated/married,none,4,real estate,Early-Middle,none,own,2,skilled employee/official,1,yes,yes,37,1,female : divorced/separated/married_Early-Middle
... < 100 DM,42,critical account/other credits existing,education,3394,... < 100 DM,unemployed,4,male : single,co-applicant,4,car or other,Late-Career,none,own,2,unemployed/unskilled - non-resident,1,no,yes,65,1,male : single_Late-Career
... >= 200 DM / salary for at least 1 year,12,all credits at this bank paid back duly,others,609,... < 100 DM,... < 1 year,4,female : divorced/separated/married,none,1,real estate,Young,none,own,1,unemployed/unskilled - non-resident,1,no,yes,26,0,female : divorced/separated/married_Young
no checking account,12,existing credits paid back duly till now,car (new),1884,... < 100 DM,... >= 7 years,4,male : single,none,4,car or other,Early-Middle,none,own,1,management/self-employed/highly qualified employee/officer,1,yes,yes,39,1,male : single_Early-Middle
... < 100 DM,12,existing credits paid back duly till now,radio/television,1620,... < 100 DM,1 <= ... < 4 years,2,female : divorced/separated/married,co-applicant,3,building society savings agreement/life insurance,Young,none,own,1,skilled employee/official,1,no,yes,30,1,female : divorced/separated/married_Young
0 <= ... < 200 DM,20,delay in paying off in the past,furniture/equipment,2629,... < 100 DM,1 <= ... < 4 years,2,male : single,none,3,car or other,Young,bank,own,2,skilled employee/official,1,yes,yes,29,1,male : single_Young
no checking account,12,existing credits paid back duly till now,retraining,719,... < 100 DM,... >= 7 years,4,male : single,none,4,car or other,Mid-Career,bank,own,1,unskilled - resident,2,no,yes,41,0,male : single_Mid-Career
0 <= ... < 200 DM,48,critical account/other credits existing,radio/television,5096,... < 100 DM,1 <= ... < 4 years,2,female : divorced/separated/married,none,3,car or other,Young,none,own,1,management/self-employed/highly qualified employee/officer,1,yes,yes,30,0,female : divorced/separated/married_Young
no checking account,9,critical account/other credits existing,retraining,1244,unknown/no savings account,... >= 7 years,4,female : divorced/separated/married,none,4,building society savings agreement/life insurance,Mid-Career,none,rent,2,unskilled - resident,1,no,yes,41,1,female : divorced/separated/married_Mid-Career
... < 100 DM,36,existing credits paid back duly till now,car (new),1842,... < 100 DM,... < 1 year,4,female : divorced/separated/married,none,4,car or other,Early-Middle,none,own,1,skilled employee/official,1,yes,yes,34,0,female : divorced/separated/married_Early-Middle
0 <= ... < 200 DM,7,existing credits paid back duly till now,domestic appliances,2576,... < 100 DM,1 <= ... < 4 years,2,male : single,guarantor,2,real estate,Early-Middle,none,own,1,skilled employee/official,1,no,yes,35,1,male : single_Early-Middle
... >= 200 DM / salary for at least 1 year,12,existing credits paid back duly till now,radio/television,1424,unknown/no savings account,... >= 7 years,3,female : divorced/separated/married,none,4,real estate,Mid-Career,none,own,1,management/self-employed/highly qualified employee/officer,1,yes,yes,55,1,female : divorced/separated/married_Mid-Career
0 <= ... < 200 DM,15,delay in paying off in the past,education,1512,... >= 1000 DM,1 <= ... < 4 years,3,male : married/widowed,none,3,building society savings agreement/life insurance,Late-Career,stores,own,2,skilled employee/official,1,no,yes,61,0,male : married/widowed_Late-Career
no checking account,36,critical account/other credits existing,car (used),11054,unknown/no savings account,1 <= ... < 4 years,4,male : single,none,2,car or other,Young,none,own,1,management/self-employed/highly qualified employee/officer,1,yes,yes,30,1,male : single_Young
no checking account,6,existing credits paid back duly till now,domestic appliances,518,... < 100 DM,1 <= ... < 4 years,3,female : divorced/separated/married,none,1,real estate,Young,none,own,1,skilled employee/official,1,no,yes,29,1,female : divorced/separated/married_Young
no checking account,12,no credits taken/all credits paid back duly,radio/television,2759,... < 100 DM,... >= 7 years,2,male : single,none,4,building society savings agreement/life insurance,Early-Middle,none,own,2,skilled employee/official,1,no,yes,34,1,male : single_Early-Middle
no checking account,24,existing credits paid back duly till now,car (used),2670,... < 100 DM,... >= 7 years,4,male : single,none,4,car or other,Early-Middle,none,own,1,management/self-employed/highly qualified employee/officer,1,yes,yes,35,1,male : single_Early-Middle
... < 100 DM,24,existing credits paid back duly till now,car (new),4817,... < 100 DM,4 <= ... < 7 years,2,male : single,co-applicant,3,building society savings agreement/life insurance,Early-Middle,none,own,1,skilled employee/official,1,yes,yes,31,0,male : single_Early-Middle
no checking account,24,existing credits paid back duly till now,car (used),2679,... < 100 DM,... < 1 year,4,female : divorced/separated/married,none,1,unknown/no property,Young,none,own,1,management/self-employed/highly qualified employee/officer,1,yes,yes,29,1,female : divorced/separated/married_Young
... < 100 DM,11,critical account/other credits existing,car (new),3905,... < 100 DM,1 <= ... < 4 years,2,male : single,none,2,real estate,Early-Middle,none,rent,2,skilled employee/official,2,no,yes,36,1,male : single_Early-Middle
... < 100 DM,12,existing credits paid back duly till now,car (used),3386,... < 100 DM,... >= 7 years,3,male : single,none,4,unknown/no property,Early-Middle,none,for free,1,skilled employee/official,1,yes,yes,35,0,male : single_Early-Middle
... < 100 DM,6,existing credits paid back duly till now,repairs,343,... < 100 DM,... < 1 year,4,female : divorced/separated/married,none,1,real estate,Young,none,own,1,skilled employee/official,1,no,yes,27,1,female : divorced/separated/married_Young
no checking account,18,existing credits paid back duly till now,domestic appliances,4594,... < 100 DM,... < 1 year,3,male : single,none,2,car or other,Early-Middle,none,own,1,skilled employee/official,1,yes,yes,32,1,male : single_Early-Middle
... < 100 DM,36,existing credits paid back duly till now,radio/television,3620,... < 100 DM,1 <= ... < 4 years,1,male : single,guarantor,2,building society savings agreement/life insurance,Early-Middle,none,own,1,skilled employee/official,2,no,yes,37,1,male : single_Early-Middle
... < 100 DM,15,existing credits paid back duly till now,car (new),1721,... < 100 DM,... < 1 year,2,male : single,none,3,real estate,Early-Middle,none,own,1,skilled employee/official,1,no,yes,36,1,male : single_Early-Middle
0 <= ... < 200 DM,12,existing credits paid back duly till now,radio/television,3017,... < 100 DM,... < 1 year,3,female : divorced/separated/married,none,1,real estate,Early-Middle,none,rent,1,management/self-employed/highly qualified employee/officer,1,no,yes,34,1,female : divorced/separated/married_Early-Middle
0 <= ... < 200 DM,12,existing credits paid back duly till now,business,754,unknown/no savings account,... >= 7 years,4,male : single,none,4,building society savings agreement/life insurance,Early-Middle,none,own,2,skilled employee/official,1,no,yes,38,1,male : single_Early-Middle
no checking account,18,existing credits paid back duly till now,others,1950,... < 100 DM,4 <= ... < 7 years,4,male : single,none,1,car or other,Early-Middle,stores,own,2,skilled employee/official,1,yes,yes,34,1,male : single_Early-Middle
... < 100 DM,24,existing credits paid back duly till now,car (used),2924,... < 100 DM,1 <= ... < 4 years,3,male : single,guarantor,4,unknown/no property,Late-Career,bank,own,1,skilled employee/official,2,yes,yes,63,1,male : single_Late-Career
... < 100 DM,24,delay in paying off in the past,domestic appliances,1659,... < 100 DM,... < 1 year,4,female : divorced/separated/married,none,2,car or other,Young,none,rent,1,unskilled - resident,1,yes,yes,29,0,female : divorced/separated/married_Young
no checking account,48,delay in paying off in the past,domestic appliances,7238,unknown/no savings account,... >= 7 years,3,male : single,none,3,car or other,Early-Middle,bank,own,2,skilled employee/official,2,no,yes,32,1,male : single_Early-Middle
no checking account,33,delay in paying off in the past,others,2764,... < 100 DM,1 <= ... < 4 years,2,female : divorced/separated/married,none,2,car or other,Young,none,own,2,skilled employee/official,1,yes,yes,26,1,female : divorced/separated/married_Young
no checking account,24,delay in paying off in the past,car (used),4679,... < 100 DM,4 <= ... < 7 years,3,male : single,none,3,car or other,Early-Middle,none,own,2,unskilled - resident,1,yes,yes,35,1,male : single_Early-Middle
0 <= ... < 200 DM,24,existing credits paid back duly till now,domestic appliances,3092,100 <= ... < 500 DM,... < 1 year,3,male : married/widowed,none,2,car or other,Young,none,rent,1,skilled employee/official,1,yes,yes,22,0,male : married/widowed_Young
... < 100 DM,6,existing credits paid back duly till now,retraining,448,... < 100 DM,... < 1 year,4,female : divorced/separated/married,none,4,building society savings agreement/life insurance,Young,none,own,1,skilled employee/official,1,no,yes,23,0,female : divorced/separated/married_Young
... < 100 DM,9,existing credits paid back duly till now,car (new),654,... < 100 DM,1 <= ... < 4 years,4,male : single,none,3,car or other,Young,none,own,1,unskilled - resident,1,no,yes,28,0,male : single_Young
no checking account,6,existing credits paid back duly till now,business,1238,unknown/no savings account,unemployed,4,male : single,none,4,building society savings agreement/life insurance,Early-Middle,none,own,1,management/self-employed/highly qualified employee/officer,2,yes,yes,36,1,male : single_Early-Middle
0 <= ... < 200 DM,18,critical account/other credits existing,domestic appliances,1245,... < 100 DM,1 <= ... < 4 years,4,male : married/widowed,none,2,car or other,Early-Middle,none,own,1,skilled employee/official,1,no,yes,33,0,male : married/widowed_Early-Middle
... < 100 DM,18,no credits taken/all credits paid back duly,radio/television,3114,... < 100 DM,... < 1 year,1,female : divorced/separated/married,none,4,building society savings agreement/life insurance,Young,none,rent,1,skilled employee/official,1,no,yes,26,0,female : divorced/separated/married_Young
no checking account,39,existing credits paid back duly till now,car (used),2569,500 <= ... < 1000 DM,1 <= ... < 4 years,4,male : single,none,4,car or other,Young,none,own,1,skilled employee/official,1,no,yes,24,1,male : single_Young
... >= 200 DM / salary for at least 1 year,24,existing credits paid back duly till now,domestic appliances,5152,... < 100 DM,4 <= ... < 7 years,4,male : single,none,2,car or other,Young,bank,own,1,skilled employee/official,1,no,yes,25,1,male : single_Young
0 <= ... < 200 DM,12,existing credits paid back duly till now,others,1037,100 <= ... < 500 DM,4 <= ... < 7 years,3,male : single,none,4,real estate,Early-Middle,none,own,1,unskilled - resident,1,no,yes,39,1,male : single_Early-Middle
... < 100 DM,15,critical account/other credits existing,radio/television,1478,... < 100 DM,... >= 7 years,4,male : single,none,4,car or other,Mid-Career,none,own,2,skilled employee/official,2,yes,yes,44,1,male : single_Mid-Career
0 <= ... < 200 DM,12,critical account/other credits existing,domestic appliances,3573,... < 100 DM,1 <= ... < 4 years,1,female : divorced/separated/married,none,1,real estate,Young,none,own,1,unskilled - resident,1,no,yes,23,1,female : divorced/separated/married_Young
0 <= ... < 200 DM,24,existing credits paid back duly till now,car (new),1201,... < 100 DM,... < 1 year,4,male : single,none,1,building society savings agreement/life insurance,Young,none,own,1,skilled employee/official,1,no,yes,26,1,male : single_Young
... < 100 DM,30,existing credits paid back duly till now,radio/television,3622,... >= 1000 DM,... >= 7 years,4,female : divorced/separated/married,none,4,building society savings agreement/life insurance,Late-Career,none,rent,2,skilled employee/official,1,yes,yes,57,1,female : divorced/separated/married_Late-Career
no checking account,15,delay in paying off in the past,radio/television,960,... >= 1000 DM,4 <= ... < 7 years,3,female : divorced/separated/married,none,2,building society savings agreement/life insurance,Young,none,own,2,skilled employee/official,1,no,yes,30,1,female : divorced/separated/married_Young
no checking account,12,critical account/other credits existing,car (new),1163,500 <= ... < 1000 DM,1 <= ... < 4 years,4,male : single,none,4,real estate,Mid-Career,none,own,1,skilled employee/official,1,yes,yes,44,1,male : single_Mid-Career
0 <= ... < 200 DM,6,delay in paying off in the past,car (new),1209,... < 100 DM,unemployed,4,male : single,none,4,building society savings agreement/life insurance,Mid-Career,none,own,1,management/self-employed/highly qualified employee/officer,1,yes,yes,47,0,male : single_Mid-Career
no checking account,12,existing credits paid back duly till now,domestic appliances,3077,... < 100 DM,1 <= ... < 4 years,2,male : single,none,4,car or other,Mid-Career,none,own,1,skilled employee/official,1,yes,yes,52,1,male : single_Mid-Career
no checking account,24,existing credits paid back duly till now,car (new),3757,... < 100 DM,... >= 7 years,4,female : divorced/separated/married,co-applicant,4,unknown/no property,Late-Career,none,for free,1,skilled employee/official,1,yes,yes,62,1,female : divorced/separated/married_Late-Career
no checking account,10,existing credits paid back duly till now,car (new),1418,100 <= ... < 500 DM,1 <= ... < 4 years,3,male : single,none,2,real estate,Early-Middle,none,rent,1,unskilled - resident,1,no,no,35,1,male : single_Early-Middle
no checking account,6,existing credits paid back duly till now,car (new),3518,... < 100 DM,1 <= ... < 4 years,2,male : single,guarantor,3,building society savings agreement/life insurance,Young,none,rent,1,skilled employee/official,1,no,yes,26,1,male : single_Young
no checking account,12,critical account/other credits existing,domestic appliances,1934,... < 100 DM,... >= 7 years,2,male : single,none,2,unknown/no property,Young,none,own,2,skilled employee/official,1,no,yes,26,1,male : single_Young
0 <= ... < 200 DM,27,no credits taken/all credits paid back duly,others,8318,... < 100 DM,... >= 7 years,2,female : divorced/separated/married,none,4,unknown/no property,Mid-Career,none,for free,2,management/self-employed/highly qualified employee/officer,1,yes,yes,42,0,female : divorced/separated/married_Mid-Career
no checking account,6,critical account/other credits existing,domestic appliances,1237,100 <= ... < 500 DM,1 <= ... < 4 years,1,female : divorced/separated/married,none,1,building society savings agreement/life insurance,Young,none,own,2,skilled employee/official,1,no,yes,27,1,female : divorced/separated/married_Young
0 <= ... < 200 DM,6,existing credits paid back duly till now,domestic appliances,368,unknown/no savings account,... >= 7 years,4,male : single,none,4,building society savings agreement/life insurance,Early-Middle,none,own,1,skilled employee/official,1,no,yes,38,1,male : single_Early-Middle
... < 100 DM,12,critical account/other credits existing,car (new),2122,... < 100 DM,1 <= ... < 4 years,3,male : single,none,2,real estate,Early-Middle,none,rent,2,unskilled - resident,2,no,no,39,1,male : single_Early-Middle
... < 100 DM,24,existing credits paid back duly till now,radio/television,2996,unknown/no savings account,1 <= ... < 4 years,2,male : married/widowed,none,4,car or other,Young,none,own,1,skilled employee/official,1,no,yes,20,0,male : married/widowed_Young
0 <= ... < 200 DM,36,existing credits paid back duly till now,radio/television,9034,100 <= ... < 500 DM,... < 1 year,4,male : single,co-applicant,1,unknown/no property,Young,none,rent,1,management/self-employed/highly qualified employee/officer,1,yes,yes,29,0,male : single_Young
no checking account,24,critical account/other credits existing,radio/television,1585,... < 100 DM,4 <= ... < 7 years,4,male : single,none,3,building society savings agreement/life insurance,Early-Middle,none,own,2,skilled employee/official,1,no,yes,40,1,male : single_Early-Middle
0 <= ... < 200 DM,18,existing credits paid back duly till now,domestic appliances,1301,... < 100 DM,... >= 7 years,4,male : married/widowed,guarantor,2,real estate,Early-Middle,none,own,1,unskilled - resident,1,no,yes,32,1,male : married/widowed_Early-Middle
... >= 200 DM / salary for at least 1 year,6,critical account/other credits existing,car (new),1323,100 <= ... < 500 DM,... >= 7 years,2,male : divorced/separated,none,4,car or other,Young,none,own,2,skilled employee/official,2,yes,yes,28,1,male : divorced/separated_Young
... < 100 DM,24,existing credits paid back duly till now,car (new),3123,... < 100 DM,... < 1 year,4,female : divorced/separated/married,none,1,building society savings agreement/life insurance,Young,none,own,1,skilled employee/official,1,no,yes,27,0,female : divorced/separated/married_Young
... < 100 DM,36,existing credits paid back duly till now,car (used),5493,... < 100 DM,... >= 7 years,2,male : single,none,4,unknown/no property,Mid-Career,none,for free,1,skilled employee/official,2,no,yes,42,1,male : single_Mid-Career
... >= 200 DM / salary for at least 1 year,9,existing credits paid back duly till now,domestic appliances,1126,100 <= ... < 500 DM,... >= 7 years,2,male : divorced/separated,none,4,real estate,Mid-Career,none,own,1,skilled employee/official,1,no,yes,49,1,male : divorced/separated_Mid-Career
0 <= ... < 200 DM,24,critical account/other credits existing,domestic appliances,1216,100 <= ... < 500 DM,... < 1 year,4,male : single,none,4,unknown/no property,Early-Middle,bank,own,2,skilled employee/official,2,no,yes,38,0,male : single_Early-Middle
... < 100 DM,24,existing credits paid back duly till now,car (new),1207,... < 100 DM,... < 1 year,4,female : divorced/separated/married,none,4,building society savings agreement/life insurance,Young,none,rent,1,skilled employee/official,1,no,yes,24,0,female : divorced/separated/married_Young
no checking account,10,existing credits paid back duly till now,car (new),1309,unknown/no savings account,1 <= ... < 4 years,4,male : single,guarantor,4,building society savings agreement/life insurance,Young,none,own,1,unskilled - resident,1,no,yes,27,0,male : single_Young
... >= 200 DM / salary for at least 1 year,15,critical account/other credits existing,car (used),2360,500 <= ... < 1000 DM,1 <= ... < 4 years,2,male : single,none,2,car or other,Early-Middle,none,own,1,skilled employee/official,1,yes,yes,36,1,male : single_Early-Middle
0 <= ... < 200 DM,15,all credits at this bank paid back duly,car (new),6850,100 <= ... < 500 DM,unemployed,1,male : single,none,2,building society savings agreement/life insurance,Early-Middle,none,own,1,management/self-employed/highly qualified employee/officer,2,yes,yes,34,0,male : single_Early-Middle
no checking account,24,existing credits paid back duly till now,domestic appliances,1413,... < 100 DM,1 <= ... < 4 years,4,male : married/widowed,none,2,building society savings agreement/life insurance,Young,none,own,1,skilled employee/official,1,no,yes,28,1,male : married/widowed_Young
no checking account,39,existing credits paid back duly till now,car (used),8588,100 <= ... < 500 DM,... >= 7 years,4,male : single,none,2,car or other,Mid-Career,none,own,1,management/self-employed/highly qualified employee/officer,1,yes,yes,45,1,male : single_Mid-Career
... < 100 DM,12,existing credits paid back duly till now,car (new),759,... < 100 DM,4 <= ... < 7 years,4,male : single,none,2,real estate,Young,none,own,1,skilled employee/official,1,no,yes,26,0,male : single_Young
no checking account,36,existing credits paid back duly till now,car (used),4686,... < 100 DM,1 <= ... < 4 years,2,male : single,none,2,unknown/no property,Early-Middle,none,for free,1,management/self-employed/highly qualified employee/officer,1,yes,yes,32,1,male : single_Early-Middle
... >= 200 DM / salary for at least 1 year,15,existing credits paid back duly till now,others,2687,... < 100 DM,4 <= ... < 7 years,2,male : single,none,4,building society savings agreement/life insurance,Young,none,rent,1,skilled employee/official,1,yes,yes,26,1,male : single_Young
0 <= ... < 200 DM,12,delay in paying off in the past,domestic appliances,585,... < 100 DM,1 <= ... < 4 years,4,male : married/widowed,co-applicant,4,real estate,Young,none,rent,2,skilled employee/official,1,no,yes,20,1,male : married/widowed_Young
no checking account,24,existing credits paid back duly till now,car (new),2255,unknown/no savings account,... < 1 year,4,male : single,none,1,building society savings agreement/life insurance,Mid-Career,none,own,1,skilled employee/official,1,no,yes,54,1,male : single_Mid-Career
... < 100 DM,6,critical account/other credits existing,car (new),609,... < 100 DM,4 <= ... < 7 years,4,female : divorced/separated/married,none,3,building society savings agreement/life insurance,Early-Middle,none,own,2,skilled employee/official,1,no,no,37,1,female : divorced/separated/married_Early-Middle
... < 100 DM,6,critical account/other credits existing,car (new),1361,... < 100 DM,... < 1 year,2,male : single,none,4,real estate,Early-Middle,none,own,1,unskilled - resident,2,no,no,40,1,male : single_Early-Middle
no checking account,36,critical account/other credits existing,radio/television,7127,... < 100 DM,... < 1 year,2,female : divorced/separated/married,none,4,building society savings agreement/life insurance,Young,none,rent,2,skilled employee/official,1,yes,yes,23,0,female : divorced/separated/married_Young
... < 100 DM,6,existing credits paid back duly till now,car (new),1203,100 <= ... < 500 DM,... >= 7 years,3,male : single,none,2,building society savings agreement/life insurance,Mid-Career,none,own,1,skilled employee/official,1,yes,yes,43,1,male : single_Mid-Career
no checking account,6,critical account/other credits existing,domestic appliances,700,unknown/no savings account,... >= 7 years,4,male : single,none,4,unknown/no property,Early-Middle,none,for free,2,skilled employee/official,1,no,yes,36,1,male : single_Early-Middle
no checking account,24,critical account/other credits existing,education,5507,... < 100 DM,... >= 7 years,3,male : single,none,4,unknown/no property,Mid-Career,none,for free,2,skilled employee/official,1,no,yes,44,1,male : single_Mid-Career
... < 100 DM,18,existing credits paid back duly till now,domestic appliances,3190,... < 100 DM,1 <= ... < 4 years,2,female : divorced/separated/married,none,2,real estate,Young,none,own,1,skilled employee/official,1,no,yes,24,0,female : divorced/separated/married_Young
... < 100 DM,48,no credits taken/all credits paid back duly,radio/television,7119,... < 100 DM,1 <= ... < 4 years,3,male : single,none,4,unknown/no property,Mid-Career,none,for free,2,skilled employee/official,2,no,yes,53,0,male : single_Mid-Career
no checking account,24,existing credits paid back duly till now,car (used),3488,100 <= ... < 500 DM,4 <= ... < 7 years,3,female : divorced/separated/married,none,4,car or other,Young,none,own,1,skilled employee/official,1,no,yes,23,1,female : divorced/separated/married_Young
0 <= ... < 200 DM,18,existing credits paid back duly till now,domestic appliances,1113,... < 100 DM,1 <= ... < 4 years,4,female : divorced/separated/married,guarantor,4,real estate,Young,none,own,1,unskilled - resident,2,no,yes,26,1,female : divorced/separated/married_Young
0 <= ... < 200 DM,26,existing credits paid back duly till now,car (used),7966,... < 100 DM,... < 1 year,2,male : single,none,3,car or other,Young,none,own,2,skilled employee/official,1,no,yes,30,1,male : single_Young
no checking account,15,critical account/other credits existing,retraining,1532,100 <= ... < 500 DM,1 <= ... < 4 years,4,female : divorced/separated/married,none,3,car or other,Early-Middle,none,own,1,skilled employee/official,1,no,yes,31,1,female : divorced/separated/married_Early-Middle
no checking account,4,critical account/other credits existing,domestic appliances,1503,... < 100 DM,4 <= ... < 7 years,2,male : single,none,1,real estate,Mid-Career,none,own,2,unskilled - resident,2,no,yes,42,1,male : single_Mid-Career
... < 100 DM,36,existing credits paid back duly till now,domestic appliances,2302,... < 100 DM,1 <= ... < 4 years,4,male : divorced/separated,none,4,car or other,Early-Middle,none,rent,1,skilled employee/official,1,no,yes,31,0,male : divorced/separated_Early-Middle
... < 100 DM,6,existing credits paid back duly till now,car (new),662,... < 100 DM,... < 1 year,3,male : single,none,4,real estate,Mid-Career,none,own,1,unskilled - resident,2,yes,yes,41,1,male : single_Mid-Career
0 <= ... < 200 DM,36,existing credits paid back duly till now,retraining,2273,... < 100 DM,4 <= ... < 7 years,3,male : single,none,1,car or other,Early-Middle,none,own,2,skilled employee/official,2,no,yes,32,1,male : single_Early-Middle
0 <= ... < 200 DM,15,existing credits paid back duly till now,car (new),2631,100 <= ... < 500 DM,1 <= ... < 4 years,2,female : divorced/separated/married,none,4,car or other,Young,none,rent,2,skilled employee/official,1,yes,yes,28,0,female : divorced/separated/married_Young
no checking account,12,delay in paying off in the past,car (used),1503,... < 100 DM,1 <= ... < 4 years,4,male : married/widowed,none,4,real estate,Mid-Career,none,rent,1,skilled employee/official,1,no,yes,41,1,male : married/widowed_Mid-Career
no checking account,24,existing credits paid back duly till now,domestic appliances,1311,100 <= ... < 500 DM,4 <= ... < 7 years,4,male : married/widowed,none,3,building society savings agreement/life insurance,Young,none,own,1,skilled employee/official,1,yes,yes,26,1,male : married/widowed_Young
no checking account,24,existing credits paid back duly till now,domestic appliances,3105,unknown/no savings account,... < 1 year,4,male : single,none,2,car or other,Young,none,own,2,skilled employee/official,1,no,yes,25,1,male : single_Young
... >= 200 DM / salary for at least 1 year,21,critical account/other credits existing,retraining,2319,... < 100 DM,... < 1 year,2,male : divorced/separated,none,1,car or other,Early-Middle,none,rent,1,skilled employee/official,1,no,yes,33,0,male : divorced/separated_Early-Middle
... < 100 DM,6,existing credits paid back duly till now,car (new),1374,unknown/no savings account,unemployed,4,female : divorced/separated/married,none,3,building society savings agreement/life insurance,Late-Career,none,own,1,management/self-employed/highly qualified employee/officer,1,yes,yes,75,1,female : divorced/separated/married_Late-Career
0 <= ... < 200 DM,18,critical account/other credits existing,radio/television,3612,... < 100 DM,... >= 7 years,3,female : divorced/separated/married,none,4,building society savings agreement/life insurance,Early-Middle,none,own,1,skilled employee/official,1,yes,yes,37,1,female : divorced/separated/married_Early-Middle
... < 100 DM,48,existing credits paid back duly till now,car (new),7763,... < 100 DM,... >= 7 years,4,male : single,none,4,unknown/no property,Mid-Career,bank,for free,1,management/self-employed/highly qualified employee/officer,1,no,yes,42,0,male : single_Mid-Career
... >= 200 DM / salary for at least 1 year,18,existing credits paid back duly till now,radio/television,3049,... < 100 DM,... < 1 year,1,female : divorced/separated/married,none,1,building society savings agreement/life insurance,Mid-Career,stores,own,1,unskilled - resident,1,no,yes,45,1,female : divorced/separated/married_Mid-Career
0 <= ... < 200 DM,12,existing credits paid back duly till now,domestic appliances,1534,... < 100 DM,... < 1 year,1,male : married/widowed,none,1,real estate,Young,none,rent,1,skilled employee/official,1,no,yes,23,0,male : married/widowed_Young
no checking account,24,delay in paying off in the past,car (new),2032,... < 100 DM,... >= 7 years,4,male : single,none,4,unknown/no property,Late-Career,none,for free,2,skilled employee/official,1,yes,yes,60,1,male : single_Late-Career
... < 100 DM,30,existing credits paid back duly till now,radio/television,6350,unknown/no savings account,... >= 7 years,4,male : single,none,4,building society savings agreement/life insurance,Early-Middle,none,own,1,skilled employee/official,1,no,yes,31,0,male : single_Early-Middle
... >= 200 DM / salary for at least 1 year,18,existing credits paid back duly till now,radio/television,2864,... < 100 DM,1 <= ... < 4 years,2,male : single,none,1,real estate,Early-Middle,none,own,1,unskilled - resident,2,no,yes,34,0,male : single_Early-Middle
no checking account,12,critical account/other credits existing,car (new),1255,... < 100 DM,... >= 7 years,4,male : single,none,4,real estate,Late-Career,none,own,2,unskilled - resident,1,no,yes,61,1,male : single_Late-Career
... < 100 DM,24,delay in paying off in the past,car (new),1333,... < 100 DM,unemployed,4,male : single,none,2,real estate,Mid-Career,none,for free,2,skilled employee/official,2,no,yes,43,0,male : single_Mid-Career
no checking account,24,critical account/other credits existing,car (new),2022,... < 100 DM,1 <= ... < 4 years,4,female : divorced/separated/married,none,4,car or other,Early-Middle,none,own,1,skilled employee/official,1,yes,yes,37,1,female : divorced/separated/married_Early-Middle
no checking account,24,existing credits paid back duly till now,domestic appliances,1552,... < 100 DM,4 <= ... < 7 years,3,male : single,none,1,car or other,Early-Middle,bank,own,1,skilled employee/official,2,no,yes,32,1,male : single_Early-Middle
... < 100 DM,12,all credits at this bank paid back duly,domestic appliances,626,... < 100 DM,1 <= ... < 4 years,4,female : divorced/separated/married,none,4,real estate,Young,bank,own,1,unskilled - resident,1,no,yes,24,0,female : divorced/separated/married_Young
no checking account,48,critical account/other credits existing,car (used),8858,unknown/no savings account,4 <= ... < 7 years,2,male : single,none,1,unknown/no property,Early-Middle,none,for free,2,skilled employee/official,1,yes,yes,35,1,male : single_Early-Middle
no checking account,12,critical account/other credits existing,education,996,unknown/no savings account,4 <= ... < 7 years,4,female : divorced/separated/married,none,4,real estate,Young,none,own,2,skilled employee/official,1,no,yes,23,1,female : divorced/separated/married_Young
no checking account,6,all credits at this bank paid back duly,domestic appliances,1750,500 <= ... < 1000 DM,... >= 7 years,2,male : single,none,4,building society savings agreement/life insurance,Mid-Career,bank,own,1,unskilled - resident,2,no,yes,45,1,male : single_Mid-Career
... < 100 DM,48,existing credits paid back duly till now,domestic appliances,6999,... < 100 DM,4 <= ... < 7 years,1,male : married/widowed,guarantor,1,real estate,Early-Middle,none,own,2,skilled employee/official,1,yes,yes,34,0,male : married/widowed_Early-Middle
0 <= ... < 200 DM,12,critical account/other credits existing,car (new),1995,100 <= ... < 500 DM,... < 1 year,4,male : single,none,1,car or other,Young,none,own,1,skilled employee/official,1,no,yes,27,1,male : single_Young
0 <= ... < 200 DM,9,existing credits paid back duly till now,retraining,1199,... < 100 DM,4 <= ... < 7 years,4,female : divorced/separated/married,none,4,building society savings agreement/life insurance,Late-Career,none,own,2,management/self-employed/highly qualified employee/officer,1,yes,yes,67,1,female : divorced/separated/married_Late-Career
0 <= ... < 200 DM,12,existing credits paid back duly till now,domestic appliances,1331,... < 100 DM,... < 1 year,2,male : single,none,1,car or other,Young,stores,own,1,skilled employee/official,1,no,yes,22,0,male : single_Young
0 <= ... < 200 DM,18,no credits taken/all credits paid back duly,car (new),2278,100 <= ... < 500 DM,... < 1 year,3,female : divorced/separated/married,none,3,car or other,Young,none,own,2,skilled employee/official,1,no,yes,28,0,female : divorced/separated/married_Young
no checking account,21,no credits taken/all credits paid back duly,car (new),5003,unknown/no savings account,1 <= ... < 4 years,1,female : divorced/separated/married,none,4,building society savings agreement/life insurance,Young,bank,own,2,skilled employee/official,1,yes,yes,29,0,female : divorced/separated/married_Young
... < 100 DM,24,all credits at this bank paid back duly,radio/television,3552,... < 100 DM,4 <= ... < 7 years,3,male : single,none,4,car or other,Young,bank,own,1,skilled employee/official,1,no,yes,27,0,male : single_Young
0 <= ... < 200 DM,18,critical account/other credits existing,radio/television,1928,... < 100 DM,... < 1 year,2,male : single,none,2,real estate,Early-Middle,none,own,2,unskilled - resident,1,no,yes,31,0,male : single_Early-Middle
... < 100 DM,24,existing credits paid back duly till now,car (used),2964,unknown/no savings account,... >= 7 years,4,male : single,none,4,unknown/no property,Mid-Career,bank,for free,1,skilled employee/official,2,yes,yes,49,1,male : single_Mid-Career
... < 100 DM,24,all credits at this bank paid back duly,domestic appliances,1546,... < 100 DM,4 <= ... < 7 years,4,male : single,guarantor,4,car or other,Young,bank,rent,1,unskilled - resident,1,no,yes,24,0,male : single_Young
... >= 200 DM / salary for at least 1 year,6,delay in paying off in the past,domestic appliances,683,... < 100 DM,... < 1 year,2,female : divorced/separated/married,none,1,building society savings agreement/life insurance,Young,bank,own,1,skilled employee/official,1,no,yes,29,1,female : divorced/separated/married_Young
0 <= ... < 200 DM,36,existing credits paid back duly till now,car (new),12389,unknown/no savings account,1 <= ... < 4 years,1,male : single,none,4,unknown/no property,Early-Middle,none,for free,1,skilled employee/official,1,yes,yes,37,0,male : single_Early-Middle
0 <= ... < 200 DM,24,delay in paying off in the past,others,4712,unknown/no savings account,1 <= ... < 4 years,4,male : single,none,2,building society savings agreement/life insurance,Early-Middle,bank,own,2,management/self-employed/highly qualified employee/officer,1,yes,yes,37,1,male : single_Early-Middle
0 <= ... < 200 DM,24,delay in paying off in the past,domestic appliances,1553,100 <= ... < 500 DM,4 <= ... < 7 years,3,female : divorced/separated/married,none,2,building society savings agreement/life insurance,Young,none,rent,2,skilled employee/official,1,yes,yes,23,1,female : divorced/separated/married_Young
... < 100 DM,12,existing credits paid back duly till now,car (new),1372,... < 100 DM,4 <= ... < 7 years,2,male : divorced/separated,none,3,car or other,Early-Middle,none,own,1,skilled employee/official,1,no,yes,36,0,male : divorced/separated_Early-Middle
no checking account,24,critical account/other credits existing,domestic appliances,2578,... >= 1000 DM,... >= 7 years,2,male : single,none,2,car or other,Early-Middle,none,own,1,skilled employee/official,1,no,yes,34,1,male : single_Early-Middle
0 <= ... < 200 DM,48,existing credits paid back duly till now,domestic appliances,3979,unknown/no savings account,4 <= ... < 7 years,4,male : single,none,1,car or other,Mid-Career,none,own,2,skilled employee/official,2,yes,yes,41,1,male : single_Mid-Career
... < 100 DM,48,existing credits paid back duly till now,domestic appliances,6758,... < 100 DM,1 <= ... < 4 years,3,female : divorced/separated/married,none,2,car or other,Early-Middle,none,own,1,skilled employee/official,1,yes,yes,31,0,female : divorced/separated/married_Early-Middle
... < 100 DM,24,existing credits paid back duly till now,radio/television,3234,... < 100 DM,... < 1 year,4,female : divorced/separated/married,none,4,real estate,Young,none,rent,1,unskilled - resident,1,yes,yes,23,0,female : divorced/separated/married_Young
no checking account,30,critical account/other credits existing,domestic appliances,5954,... < 100 DM,4 <= ... < 7 years,3,male : single,co-applicant,2,car or other,Early-Middle,none,own,1,skilled employee/official,1,no,yes,38,1,male : single_Early-Middle
no checking account,24,existing credits paid back duly till now,car (used),5433,unknown/no savings account,unemployed,2,female : divorced/separated/married,none,4,building society savings agreement/life insurance,Young,none,rent,1,management/self-employed/highly qualified employee/officer,1,yes,yes,26,1,female : divorced/separated/married_Young
... < 100 DM,15,existing credits paid back duly till now,others,806,... < 100 DM,1 <= ... < 4 years,4,female : divorced/separated/married,none,4,building society savings agreement/life insurance,Young,none,own,1,unskilled - resident,1,no,yes,22,1,female : divorced/separated/married_Young
0 <= ... < 200 DM,9,existing credits paid back duly till now,domestic appliances,1082,... < 100 DM,... >= 7 years,4,male : single,none,4,car or other,Young,none,own,2,unskilled - resident,1,no,yes,27,1,male : single_Young
no checking account,15,critical account/other credits existing,radio/television,2788,... < 100 DM,4 <= ... < 7 years,2,female : divorced/separated/married,co-applicant,3,car or other,Young,bank,own,2,skilled employee/official,1,no,yes,24,1,female : divorced/separated/married_Young
0 <= ... < 200 DM,12,existing credits paid back duly till now,domestic appliances,2930,... < 100 DM,4 <= ... < 7 years,2,female : divorced/separated/married,none,1,real estate,Young,none,own,1,skilled employee/official,1,no,yes,27,1,female : divorced/separated/married_Young
no checking account,24,critical account/other credits existing,retraining,1927,unknown/no savings account,1 <= ... < 4 years,3,female : divorced/separated/married,none,2,car or other,Early-Middle,none,own,2,skilled employee/official,1,yes,yes,33,1,female : divorced/separated/married_Early-Middle
0 <= ... < 200 DM,36,critical account/other credits existing,car (new),2820,... < 100 DM,... < 1 year,4,male : divorced/separated,none,4,car or other,Young,none,own,2,skilled employee/official,1,no,yes,27,0,male : divorced/separated_Young
no checking account,24,existing credits paid back duly till now,business,937,... < 100 DM,... < 1 year,4,male : married/widowed,none,3,car or other,Young,none,own,2,unskilled - resident,1,no,yes,27,1,male : married/widowed_Young
0 <= ... < 200 DM,18,critical account/other credits existing,car (new),1056,... < 100 DM,... >= 7 years,3,male : single,guarantor,3,real estate,Young,bank,own,2,skilled employee/official,1,no,yes,30,0,male : single_Young
0 <= ... < 200 DM,12,critical account/other credits existing,car (new),3124,... < 100 DM,... < 1 year,1,male : single,none,3,real estate,Mid-Career,bank,own,2,unskilled - resident,2,no,yes,49,1,male : single_Mid-Career
no checking account,9,existing credits paid back duly till now,radio/television,1388,... < 100 DM,1 <= ... < 4 years,4,female : divorced/separated/married,none,2,real estate,Young,none,rent,1,skilled employee/official,1,no,yes,26,1,female : divorced/separated/married_Young
0 <= ... < 200 DM,36,existing credits paid back duly till now,education,2384,... < 100 DM,... < 1 year,4,male : single,none,1,unknown/no property,Early-Middle,none,rent,1,unskilled - resident,1,no,yes,33,0,male : single_Early-Middle
no checking account,12,existing credits paid back duly till now,car (new),2133,unknown/no savings account,... >= 7 years,4,female : divorced/separated/married,none,4,unknown/no property,Mid-Career,none,for free,1,management/self-employed/highly qualified employee/officer,1,yes,yes,52,1,female : divorced/separated/married_Mid-Career
... < 100 DM,18,existing credits paid back duly till now,radio/television,2039,... < 100 DM,1 <= ... < 4 years,1,female : divorced/separated/married,none,4,real estate,Young,bank,rent,1,skilled employee/official,1,no,yes,20,0,female : divorced/separated/married_Young
... < 100 DM,9,critical account/other credits existing,car (new),2799,... < 100 DM,1 <= ... < 4 years,2,male : single,none,2,real estate,Early-Middle,none,rent,2,skilled employee/official,2,no,yes,36,1,male : single_Early-Middle
... < 100 DM,12,existing credits paid back duly till now,radio/television,1289,... < 100 DM,1 <= ... < 4 years,4,male : single,guarantor,1,building society savings agreement/life insurance,Young,none,own,1,unskilled - resident,1,no,yes,21,1,male : single_Young
... < 100 DM,18,existing credits paid back duly till now,repairs,1217,... < 100 DM,1 <= ... < 4 years,4,male : married/widowed,none,3,real estate,Mid-Career,none,own,1,unskilled - resident,1,yes,yes,47,0,male : married/widowed_Mid-Career
... < 100 DM,12,critical account/other credits existing,radio/television,2246,... < 100 DM,... >= 7 years,3,male : single,none,3,building society savings agreement/life insurance,Late-Career,none,own,2,skilled employee/official,1,no,yes,60,0,male : single_Late-Career
... < 100 DM,12,critical account/other credits existing,domestic appliances,385,... < 100 DM,4 <= ... < 7 years,4,female : divorced/separated/married,none,3,real estate,Late-Career,none,own,4,unskilled - resident,1,yes,yes,58,1,female : divorced/separated/married_Late-Career
0 <= ... < 200 DM,24,delay in paying off in the past,car (new),1965,unknown/no savings account,1 <= ... < 4 years,4,female : divorced/separated/married,none,4,car or other,Mid-Career,none,rent,2,skilled employee/official,1,yes,yes,42,1,female : divorced/separated/married_Mid-Career
no checking account,21,existing credits paid back duly till now,others,1572,... >= 1000 DM,... >= 7 years,4,female : divorced/separated/married,none,4,real estate,Early-Middle,bank,own,1,unskilled - resident,1,no,yes,36,1,female : divorced/separated/married_Early-Middle
0 <= ... < 200 DM,24,existing credits paid back duly till now,car (new),2718,... < 100 DM,1 <= ... < 4 years,3,female : divorced/separated/married,none,4,building society savings agreement/life insurance,Young,none,rent,1,unskilled - resident,1,yes,yes,20,0,female : divorced/separated/married_Young
... < 100 DM,24,all credits at this bank paid back duly,furniture/equipment,1358,unknown/no savings account,... >= 7 years,4,male : single,none,3,car or other,Early-Middle,stores,own,1,management/self-employed/highly qualified employee/officer,1,yes,yes,40,0,male : single_Early-Middle
0 <= ... < 200 DM,6,all credits at this bank paid back duly,car (new),931,100 <= ... < 500 DM,... < 1 year,1,female : divorced/separated/married,none,1,building society savings agreement/life insurance,Early-Middle,stores,own,1,unskilled - resident,1,no,yes,32,0,female : divorced/separated/married_Early-Middle
... < 100 DM,24,existing credits paid back duly till now,car (new),1442,... < 100 DM,4 <= ... < 7 years,4,female : divorced/separated/married,none,4,car or other,Young,none,rent,2,skilled employee/official,1,no,yes,23,0,female : divorced/separated/married_Young
0 <= ... < 200 DM,24,no credits taken/all credits paid back duly,others,4241,... < 100 DM,1 <= ... < 4 years,1,male : single,none,4,real estate,Early-Middle,none,own,3,unskilled - resident,1,yes,yes,36,0,male : single_Early-Middle
no checking account,18,critical account/other credits existing,car (new),2775,... < 100 DM,4 <= ... < 7 years,2,male : single,none,2,building society savings agreement/life insurance,Early-Middle,bank,own,2,skilled employee/official,1,no,yes,31,0,male : single_Early-Middle
no checking account,24,delay in paying off in the past,others,3863,... < 100 DM,1 <= ... < 4 years,1,male : single,none,2,unknown/no property,Early-Middle,none,for free,1,skilled employee/official,1,no,yes,32,1,male : single_Early-Middle
0 <= ... < 200 DM,7,existing credits paid back duly till now,domestic appliances,2329,... < 100 DM,... < 1 year,1,female : divorced/separated/married,guarantor,1,real estate,Mid-Career,none,own,1,skilled employee/official,1,no,yes,45,1,female : divorced/separated/married_Mid-Career
0 <= ... < 200 DM,9,existing credits paid back duly till now,radio/television,918,... < 100 DM,1 <= ... < 4 years,4,female : divorced/separated/married,none,1,building society savings agreement/life insurance,Young,none,own,1,skilled employee/official,1,no,yes,30,0,female : divorced/separated/married_Young
0 <= ... < 200 DM,24,all credits at this bank paid back duly,retraining,1837,... < 100 DM,4 <= ... < 7 years,4,female : divorced/separated/married,none,4,unknown/no property,Early-Middle,bank,for free,1,unskilled - resident,1,no,yes,34,0,female : divorced/separated/married_Early-Middle
no checking account,36,existing credits paid back duly till now,radio/television,3349,... < 100 DM,1 <= ... < 4 years,4,female : divorced/separated/married,none,2,car or other,Young,none,own,1,management/self-employed/highly qualified employee/officer,1,yes,yes,28,0,female : divorced/separated/married_Young
... >= 200 DM / salary for at least 1 year,10,existing credits paid back duly till now,radio/television,1275,... < 100 DM,... < 1 year,4,female : divorced/separated/married,none,2,building society savings agreement/life insurance,Young,none,own,1,skilled employee/official,1,no,yes,23,1,female : divorced/separated/married_Young
... < 100 DM,24,all credits at this bank paid back duly,radio/television,2828,500 <= ... < 1000 DM,1 <= ... < 4 years,4,male : single,none,4,real estate,Young,stores,own,1,skilled employee/official,1,yes,yes,22,1,male : single_Young
no checking account,24,critical account/other credits existing,others,4526,... < 100 DM,1 <= ... < 4 years,3,male : single,none,2,real estate,Late-Career,none,own,1,management/self-employed/highly qualified employee/officer,1,yes,yes,74,1,male : single_Late-Career
0 <= ... < 200 DM,36,existing credits paid back duly till now,domestic appliances,2671,100 <= ... < 500 DM,1 <= ... < 4 years,4,female : divorced/separated/married,co-applicant,4,unknown/no property,Mid-Career,none,for free,1,skilled employee/official,1,no,yes,50,0,female : divorced/separated/married_Mid-Career
no checking account,18,existing credits paid back duly till now,domestic appliances,2051,... < 100 DM,... < 1 year,4,male : single,none,1,real estate,Early-Middle,none,own,1,skilled employee/official,1,no,yes,33,1,male : single_Early-Middle
no checking account,15,existing credits paid back duly till now,car (used),1300,unknown/no savings account,... >= 7 years,4,male : single,none,4,unknown/no property,Mid-Career,bank,for free,1,skilled employee/official,2,no,yes,45,1,male : single_Mid-Career
... < 100 DM,12,existing credits paid back duly till now,repairs,741,100 <= ... < 500 DM,unemployed,4,female : divorced/separated/married,none,3,building society savings agreement/life insurance,Young,none,own,1,skilled employee/official,1,no,yes,22,0,female : divorced/separated/married_Young
... >= 200 DM / salary for at least 1 year,10,existing credits paid back duly till now,car (new),1240,100 <= ... < 500 DM,... >= 7 years,1,female : divorced/separated/married,none,4,unknown/no property,Mid-Career,none,for free,1,unskilled - resident,2,no,yes,48,0,female : divorced/separated/married_Mid-Career
... < 100 DM,21,existing credits paid back duly till now,domestic appliances,3357,... >= 1000 DM,... < 1 year,4,female : divorced/separated/married,none,2,car or other,Young,bank,own,1,skilled employee/official,1,no,yes,29,1,female : divorced/separated/married_Young
... < 100 DM,24,all credits at this bank paid back duly,car (used),3632,... < 100 DM,1 <= ... < 4 years,1,female : divorced/separated/married,guarantor,4,car or other,Young,bank,rent,1,skilled employee/official,1,no,no,22,1,female : divorced/separated/married_Young
no checking account,18,delay in paying off in the past,radio/television,1808,... < 100 DM,4 <= ... < 7 years,4,female : divorced/separated/married,none,1,real estate,Young,none,own,1,skilled employee/official,1,no,yes,22,0,female : divorced/separated/married_Young
0 <= ... < 200 DM,48,no credits taken/all credits paid back duly,others,12204,unknown/no savings account,1 <= ... < 4 years,2,male : single,none,2,car or other,Mid-Career,bank,own,1,management/self-employed/highly qualified employee/officer,1,yes,yes,48,1,male : single_Mid-Career
0 <= ... < 200 DM,60,delay in paying off in the past,domestic appliances,9157,unknown/no savings account,1 <= ... < 4 years,2,male : single,none,2,unknown/no property,Young,none,for free,1,management/self-employed/highly qualified employee/officer,1,no,yes,27,1,male : single_Young
... < 100 DM,6,critical account/other credits existing,car (new),3676,... < 100 DM,1 <= ... < 4 years,1,male : single,none,3,real estate,Early-Middle,none,rent,3,skilled employee/official,2,no,yes,37,1,male : single_Early-Middle
0 <= ... < 200 DM,30,existing credits paid back duly till now,radio/television,3441,100 <= ... < 500 DM,1 <= ... < 4 years,2,female : divorced/separated/married,co-applicant,4,car or other,Young,none,rent,1,skilled employee/official,1,no,yes,21,0,female : divorced/separated/married_Young
no checking account,12,existing credits paid back duly till now,car (new),640,... < 100 DM,1 <= ... < 4 years,4,male : divorced/separated,none,2,real estate,Mid-Career,none,own,1,unskilled - resident,1,no,yes,49,1,male : divorced/separated_Mid-Career
0 <= ... < 200 DM,21,critical account/other credits existing,others,3652,... < 100 DM,4 <= ... < 7 years,2,male : single,none,3,building society savings agreement/life insurance,Young,none,own,2,skilled employee/official,1,no,yes,27,1,male : single_Young
no checking account,18,critical account/other credits existing,car (new),1530,... < 100 DM,1 <= ... < 4 years,3,male : single,none,2,building society savings agreement/life insurance,Early-Middle,bank,own,2,skilled employee/official,1,no,yes,32,0,male : single_Early-Middle
no checking account,48,existing credits paid back duly till now,others,3914,unknown/no savings account,1 <= ... < 4 years,4,male : divorced/separated,none,2,real estate,Early-Middle,bank,own,1,skilled employee/official,1,no,yes,38,0,male : divorced/separated_Early-Middle
... < 100 DM,12,existing credits paid back duly till now,radio/television,1858,... < 100 DM,... < 1 year,4,female : divorced/separated/married,none,1,car or other,Young,none,rent,1,skilled employee/official,1,no,yes,22,1,female : divorced/separated/married_Young
... < 100 DM,18,existing credits paid back duly till now,domestic appliances,2600,... < 100 DM,1 <= ... < 4 years,4,male : single,none,4,unknown/no property,Late-Career,none,for free,2,skilled employee/official,1,no,yes,65,0,male : single_Late-Career
no checking account,15,existing credits paid back duly till now,domestic appliances,1979,unknown/no savings account,... >= 7 years,4,male : single,none,2,car or other,Early-Middle,none,own,1,skilled employee/official,1,no,yes,35,1,male : single_Early-Middle
... >= 200 DM / salary for at least 1 year,6,existing credits paid back duly till now,radio/television,2116,... < 100 DM,1 <= ... < 4 years,2,male : single,none,2,real estate,Mid-Career,none,own,1,skilled employee/official,1,yes,yes,41,1,male : single_Mid-Career
0 <= ... < 200 DM,9,all credits at this bank paid back duly,car (new),1437,100 <= ... < 500 DM,4 <= ... < 7 years,2,male : single,none,3,unknown/no property,Young,none,own,1,skilled employee/official,1,no,yes,29,0,male : single_Young
no checking account,42,critical account/other credits existing,radio/television,4042,500 <= ... < 1000 DM,1 <= ... < 4 years,4,male : single,none,4,real estate,Early-Middle,none,own,2,skilled employee/official,1,yes,yes,36,1,male : single_Early-Middle
no checking account,9,existing credits paid back duly till now,retraining,3832,unknown/no savings account,... >= 7 years,1,male : single,none,4,real estate,Late-Career,none,own,1,unskilled - resident,1,no,yes,64,1,male : single_Late-Career
... < 100 DM,24,existing credits paid back duly till now,domestic appliances,3660,... < 100 DM,1 <= ... < 4 years,2,female : divorced/separated/married,none,4,car or other,Young,none,own,1,skilled employee/official,1,no,yes,28,1,female : divorced/separated/married_Young
... < 100 DM,18,all credits at this bank paid back duly,radio/television,1553,... < 100 DM,1 <= ... < 4 years,4,male : single,none,3,car or other,Mid-Career,bank,own,1,skilled employee/official,1,no,yes,44,0,male : single_Mid-Career
0 <= ... < 200 DM,15,existing credits paid back duly till now,domestic appliances,1444,unknown/no savings account,... < 1 year,4,male : single,none,1,building society savings agreement/life insurance,Young,none,own,1,skilled employee/official,1,no,yes,23,1,male : single_Young
no checking account,9,existing credits paid back duly till now,radio/television,1980,... < 100 DM,... < 1 year,2,female : divorced/separated/married,co-applicant,2,car or other,Young,none,rent,2,skilled employee/official,1,no,yes,19,0,female : divorced/separated/married_Young
0 <= ... < 200 DM,24,existing credits paid back duly till now,car (new),1355,... < 100 DM,... < 1 year,3,female : divorced/separated/married,none,4,car or other,Young,none,own,1,unskilled - resident,1,yes,yes,25,0,female : divorced/separated/married_Young
no checking account,12,existing credits paid back duly till now,retraining,1393,... < 100 DM,... >= 7 years,4,male : single,none,4,building society savings agreement/life insurance,Mid-Career,bank,own,3,skilled employee/official,2,yes,yes,47,1,male : single_Mid-Career
no checking account,24,existing credits paid back duly till now,domestic appliances,1376,500 <= ... < 1000 DM,4 <= ... < 7 years,4,female : divorced/separated/married,none,1,car or other,Young,none,own,1,skilled employee/official,1,no,yes,28,1,female : divorced/separated/married_Young
no checking account,60,delay in paying off in the past,domestic appliances,15653,... < 100 DM,4 <= ... < 7 years,2,male : single,none,4,car or other,Young,none,own,2,skilled employee/official,1,yes,yes,21,1,male : single_Young
no checking account,12,existing credits paid back duly till now,domestic appliances,1493,... < 100 DM,... < 1 year,4,female : divorced/separated/married,none,3,car or other,Early-Middle,none,own,1,skilled employee/official,2,no,yes,34,1,female : divorced/separated/married_Early-Middle
... < 100 DM,42,delay in paying off in the past,domestic appliances,4370,... < 100 DM,4 <= ... < 7 years,3,male : single,none,2,building society savings agreement/life insurance,Young,bank,own,2,skilled employee/official,2,yes,yes,26,0,male : single_Young
... < 100 DM,18,existing credits paid back duly till now,retraining,750,... < 100 DM,unemployed,4,female : divorced/separated/married,none,1,real estate,Young,none,own,1,unemployed/unskilled - non-resident,1,no,yes,27,0,female : divorced/separated/married_Young
0 <= ... < 200 DM,15,existing credits paid back duly till now,education,1308,... < 100 DM,... >= 7 years,4,male : single,none,4,car or other,Early-Middle,none,own,2,unskilled - resident,1,no,yes,38,1,male : single_Early-Middle
no checking account,15,existing credits paid back duly till now,retraining,4623,100 <= ... < 500 DM,1 <= ... < 4 years,3,male : single,none,2,building society savings agreement/life insurance,Early-Middle,none,own,1,management/self-employed/highly qualified employee/officer,1,yes,yes,40,0,male : single_Early-Middle
no checking account,24,critical account/other credits existing,domestic appliances,1851,... < 100 DM,4 <= ... < 7 years,4,male : married/widowed,guarantor,2,car or other,Early-Middle,none,own,2,skilled employee/official,1,yes,yes,33,1,male : married/widowed_Early-Middle
... < 100 DM,18,critical account/other credits existing,domestic appliances,1880,... < 100 DM,4 <= ... < 7 years,4,male : married/widowed,none,1,building society savings agreement/life insurance,Early-Middle,none,own,2,management/self-employed/highly qualified employee/officer,1,yes,yes,32,1,male : married/widowed_Early-Middle
no checking account,36,delay in paying off in the past,others,7980,unknown/no savings account,... < 1 year,4,male : single,none,4,car or other,Young,none,rent,2,skilled employee/official,1,yes,yes,27,0,male : single_Young
... < 100 DM,30,no credits taken/all credits paid back duly,radio/television,4583,... < 100 DM,1 <= ... < 4 years,2,male : divorced/separated,guarantor,2,real estate,Early-Middle,none,own,2,skilled employee/official,1,no,yes,32,1,male : divorced/separated_Early-Middle
no checking account,12,existing credits paid back duly till now,car (new),1386,500 <= ... < 1000 DM,1 <= ... < 4 years,2,female : divorced/separated/married,none,2,building society savings agreement/life insurance,Young,none,own,1,skilled employee/official,1,no,yes,26,0,female : divorced/separated/married_Young
... >= 200 DM / salary for at least 1 year,24,existing credits paid back duly till now,car (new),947,... < 100 DM,4 <= ... < 7 years,4,male : single,none,3,unknown/no property,Early-Middle,bank,for free,1,skilled employee/official,2,no,yes,38,0,male : single_Early-Middle
... < 100 DM,12,existing credits paid back duly till now,retraining,684,... < 100 DM,1 <= ... < 4 years,4,male : single,none,4,car or other,Early-Middle,none,rent,1,unskilled - resident,2,no,yes,40,0,male : single_Early-Middle
... < 100 DM,48,existing credits paid back duly till now,retraining,7476,... < 100 DM,4 <= ... < 7 years,4,male : single,none,1,unknown/no property,Mid-Career,none,for free,1,management/self-employed/highly qualified employee/officer,1,yes,yes,50,1,male : single_Mid-Career
0 <= ... < 200 DM,12,existing credits paid back duly till now,radio/television,1922,... < 100 DM,1 <= ... < 4 years,4,male : single,none,2,building society savings agreement/life insurance,Early-Middle,none,own,1,unskilled - resident,1,no,yes,37,0,male : single_Early-Middle
... < 100 DM,24,existing credits paid back duly till now,car (new),2303,... < 100 DM,... >= 7 years,4,male : single,co-applicant,1,real estate,Mid-Career,none,own,1,skilled employee/official,1,no,yes,45,0,male : single_Mid-Career
0 <= ... < 200 DM,36,delay in paying off in the past,car (new),8086,100 <= ... < 500 DM,... >= 7 years,2,male : single,none,4,car or other,Mid-Career,none,own,4,management/self-employed/highly qualified employee/officer,1,yes,yes,42,0,male : single_Mid-Career
no checking account,24,critical account/other credits existing,car (used),2346,... < 100 DM,4 <= ... < 7 years,4,male : single,none,3,car or other,Early-Middle,none,own,2,skilled employee/official,1,yes,yes,35,1,male : single_Early-Middle
... < 100 DM,14,existing credits paid back duly till now,car (new),3973,... < 100 DM,unemployed,1,male : single,none,4,unknown/no property,Young,none,for free,1,skilled employee/official,1,no,yes,22,1,male : single_Young
0 <= ... < 200 DM,12,existing credits paid back duly till now,car (new),888,... < 100 DM,... >= 7 years,4,male : single,none,4,car or other,Mid-Career,bank,own,1,unskilled - resident,2,no,yes,41,0,male : single_Mid-Career
no checking account,48,existing credits paid back duly till now,domestic appliances,10222,unknown/no savings account,4 <= ... < 7 years,4,male : single,none,3,car or other,Early-Middle,stores,own,1,skilled employee/official,1,yes,yes,37,1,male : single_Early-Middle
0 <= ... < 200 DM,30,no credits taken/all credits paid back duly,others,4221,... < 100 DM,1 <= ... < 4 years,2,female : divorced/separated/married,none,1,car or other,Young,none,own,2,skilled employee/official,1,no,yes,28,1,female : divorced/separated/married_Young
0 <= ... < 200 DM,18,critical account/other credits existing,radio/television,6361,... < 100 DM,... >= 7 years,2,male : single,none,1,unknown/no property,Mid-Career,none,own,1,skilled employee/official,1,yes,yes,41,1,male : single_Mid-Career
... >= 200 DM / salary for at least 1 year,12,existing credits paid back duly till now,domestic appliances,1297,... < 100 DM,1 <= ... < 4 years,3,male : married/widowed,none,4,real estate,Young,none,rent,1,skilled employee/official,1,no,yes,23,1,male : married/widowed_Young
... < 100 DM,12,existing credits paid back duly till now,car (new),900,unknown/no savings account,1 <= ... < 4 years,4,male : married/widowed,none,2,car or other,Young,none,own,1,skilled employee/official,1,no,yes,23,0,male : married/widowed_Young
no checking account,21,existing credits paid back duly till now,radio/television,2241,... < 100 DM,... >= 7 years,4,male : single,none,2,real estate,Mid-Career,none,own,2,skilled employee/official,1,no,yes,50,1,male : single_Mid-Career
0 <= ... < 200 DM,6,delay in paying off in the past,radio/television,1050,... < 100 DM,unemployed,4,male : single,none,1,building society savings agreement/life insurance,Early-Middle,stores,own,2,management/self-employed/highly qualified employee/officer,1,yes,yes,35,1,male : single_Early-Middle
... >= 200 DM / salary for at least 1 year,6,critical account/other credits existing,retraining,1047,... < 100 DM,1 <= ... < 4 years,2,female : divorced/separated/married,none,4,building society savings agreement/life insurance,Mid-Career,none,own,1,unskilled - resident,1,no,yes,50,1,female : divorced/separated/married_Mid-Career
no checking account,24,critical account/other credits existing,furniture/equipment,6314,... < 100 DM,unemployed,4,male : single,co-applicant,2,unknown/no property,Young,bank,own,2,management/self-employed/highly qualified employee/officer,1,yes,yes,27,1,male : single_Young
0 <= ... < 200 DM,30,all credits at this bank paid back duly,radio/television,3496,... >= 1000 DM,1 <= ... < 4 years,4,male : single,none,2,car or other,Early-Middle,stores,own,1,skilled employee/official,2,yes,yes,34,1,male : single_Early-Middle
no checking account,48,all credits at this bank paid back duly,others,3609,... < 100 DM,1 <= ... < 4 years,1,female : divorced/separated/married,none,1,real estate,Young,stores,own,1,skilled employee/official,1,no,yes,27,1,female : divorced/separated/married_Young
... < 100 DM,12,critical account/other credits existing,car (new),4843,... < 100 DM,... >= 7 years,3,male : single,co-applicant,4,building society savings agreement/life insurance,Mid-Career,none,rent,2,skilled employee/official,1,yes,yes,43,0,male : single_Mid-Career
... >= 200 DM / salary for at least 1 year,30,critical account/other credits existing,domestic appliances,3017,... < 100 DM,... >= 7 years,4,male : single,none,4,building society savings agreement/life insurance,Mid-Career,none,own,1,skilled employee/official,1,no,yes,47,1,male : single_Mid-Career
no checking account,24,critical account/other credits existing,others,4139,100 <= ... < 500 DM,1 <= ... < 4 years,3,male : single,none,3,building society savings agreement/life insurance,Young,none,own,2,unskilled - resident,1,yes,yes,27,1,male : single_Young
no checking account,36,existing credits paid back duly till now,others,5742,100 <= ... < 500 DM,4 <= ... < 7 years,2,male : single,none,2,car or other,Early-Middle,none,own,2,skilled employee/official,1,yes,yes,31,1,male : single_Early-Middle
no checking account,60,existing credits paid back duly till now,car (new),10366,... < 100 DM,... >= 7 years,2,male : single,none,4,building society savings agreement/life insurance,Mid-Career,none,own,1,management/self-employed/highly qualified employee/officer,1,yes,yes,42,1,male : single_Mid-Career
no checking account,6,critical account/other credits existing,car (new),2080,500 <= ... < 1000 DM,1 <= ... < 4 years,1,male : married/widowed,none,2,car or other,Young,none,own,1,skilled employee/official,1,no,yes,24,1,male : married/widowed_Young
no checking account,21,delay in paying off in the past,others,2580,500 <= ... < 1000 DM,... < 1 year,4,male : single,none,2,real estate,Mid-Career,bank,own,1,unskilled - resident,2,no,yes,41,0,male : single_Mid-Career
no checking account,30,critical account/other credits existing,domestic appliances,4530,... < 100 DM,4 <= ... < 7 years,4,female : divorced/separated/married,none,4,car or other,Young,none,rent,1,management/self-employed/highly qualified employee/officer,1,yes,yes,26,1,female : divorced/separated/married_Young
no checking account,24,critical account/other credits existing,radio/television,5150,... < 100 DM,... >= 7 years,4,male : single,none,4,car or other,Early-Middle,none,own,1,skilled employee/official,1,yes,yes,33,1,male : single_Early-Middle
0 <= ... < 200 DM,72,existing credits paid back duly till now,domestic appliances,5595,100 <= ... < 500 DM,1 <= ... < 4 years,2,male : married/widowed,none,2,car or other,Young,none,own,1,skilled employee/official,1,no,yes,24,0,male : married/widowed_Young
... < 100 DM,24,existing credits paid back duly till now,domestic appliances,2384,... < 100 DM,... >= 7 years,4,male : single,none,4,real estate,Late-Career,bank,rent,1,unskilled - resident,1,no,yes,64,1,male : single_Late-Career
no checking account,18,existing credits paid back duly till now,domestic appliances,1453,... < 100 DM,... < 1 year,3,female : divorced/separated/married,none,1,real estate,Young,none,own,1,skilled employee/official,1,no,yes,26,1,female : divorced/separated/married_Young
no checking account,6,existing credits paid back duly till now,retraining,1538,... < 100 DM,... < 1 year,1,female : divorced/separated/married,none,2,unknown/no property,Late-Career,none,own,1,skilled employee/official,1,no,yes,56,1,female : divorced/separated/married_Late-Career
no checking account,12,existing credits paid back duly till now,domestic appliances,2279,unknown/no savings account,1 <= ... < 4 years,4,male : single,none,4,unknown/no property,Early-Middle,none,for free,1,skilled employee/official,1,yes,yes,37,1,male : single_Early-Middle
no checking account,15,delay in paying off in the past,domestic appliances,1478,... < 100 DM,1 <= ... < 4 years,4,male : married/widowed,none,3,real estate,Early-Middle,bank,own,2,skilled employee/official,1,no,yes,33,1,male : married/widowed_Early-Middle
no checking account,24,critical account/other credits existing,domestic appliances,5103,... < 100 DM,... < 1 year,3,male : married/widowed,none,3,unknown/no property,Mid-Career,none,for free,3,skilled employee/official,1,yes,yes,47,1,male : married/widowed_Mid-Career
0 <= ... < 200 DM,36,delay in paying off in the past,others,9857,100 <= ... < 500 DM,4 <= ... < 7 years,1,male : single,none,3,building society savings agreement/life insurance,Early-Middle,none,own,2,unskilled - resident,2,yes,yes,31,1,male : single_Early-Middle
no checking account,60,existing credits paid back duly till now,car (new),6527,unknown/no savings account,1 <= ... < 4 years,4,male : single,none,4,unknown/no property,Early-Middle,none,for free,1,skilled employee/official,2,yes,yes,34,1,male : single_Early-Middle
... >= 200 DM / salary for at least 1 year,10,critical account/other credits existing,domestic appliances,1347,unknown/no savings account,4 <= ... < 7 years,4,male : single,none,2,building society savings agreement/life insurance,Young,none,own,2,skilled employee/official,1,yes,yes,27,1,male : single_Young
0 <= ... < 200 DM,36,delay in paying off in the past,car (new),2862,100 <= ... < 500 DM,... >= 7 years,4,male : single,none,3,unknown/no property,Young,none,for free,1,skilled employee/official,1,no,yes,30,1,male : single_Young
no checking account,9,existing credits paid back duly till now,domestic appliances,2753,100 <= ... < 500 DM,... >= 7 years,3,male : single,co-applicant,4,car or other,Early-Middle,none,own,1,skilled employee/official,1,yes,yes,35,1,male : single_Early-Middle
... < 100 DM,12,existing credits paid back duly till now,car (new),3651,... >= 1000 DM,1 <= ... < 4 years,1,male : single,none,3,building society savings agreement/life insurance,Early-Middle,none,own,1,skilled employee/official,2,no,yes,31,1,male : single_Early-Middle
... < 100 DM,15,critical account/other credits existing,radio/television,975,... < 100 DM,1 <= ... < 4 years,2,male : divorced/separated,none,3,building society savings agreement/life insurance,Young,none,own,2,skilled employee/official,1,no,yes,25,1,male : divorced/separated_Young
0 <= ... < 200 DM,15,existing credits paid back duly till now,education,2631,100 <= ... < 500 DM,1 <= ... < 4 years,3,female : divorced/separated/married,none,2,real estate,Young,none,own,1,unskilled - resident,1,no,yes,25,1,female : divorced/separated/married_Young
0 <= ... < 200 DM,24,existing credits paid back duly till now,domestic appliances,2896,100 <= ... < 500 DM,... < 1 year,2,male : single,none,1,car or other,Young,none,own,1,skilled employee/official,1,no,yes,29,1,male : single_Young
... < 100 DM,6,critical account/other credits existing,car (new),4716,unknown/no savings account,... < 1 year,1,male : single,none,3,real estate,Mid-Career,none,own,2,unskilled - resident,2,no,yes,44,1,male : single_Mid-Career
no checking account,24,existing credits paid back duly till now,domestic appliances,2284,... < 100 DM,4 <= ... < 7 years,4,male : single,none,2,car or other,Young,none,own,1,skilled employee/official,1,yes,yes,28,1,male : single_Young
no checking account,6,existing credits paid back duly till now,car (used),1236,500 <= ... < 1000 DM,1 <= ... < 4 years,2,male : single,none,4,building society savings agreement/life insurance,Mid-Career,none,rent,1,skilled employee/official,1,no,yes,50,1,male : single_Mid-Career
0 <= ... < 200 DM,12,existing credits paid back duly till now,domestic appliances,1103,... < 100 DM,4 <= ... < 7 years,4,male : single,guarantor,3,real estate,Young,none,own,2,skilled employee/official,1,no,no,29,1,male : single_Young
no checking account,12,critical account/other credits existing,car (new),926,... < 100 DM,unemployed,1,female : divorced/separated/married,none,2,building society savings agreement/life insurance,Early-Middle,none,own,1,unemployed/unskilled - non-resident,1,no,yes,38,1,female : divorced/separated/married_Early-Middle
no checking account,18,critical account/other credits existing,domestic appliances,1800,... < 100 DM,1 <= ... < 4 years,4,male : single,none,2,car or other,Young,none,own,2,skilled employee/official,1,no,yes,24,1,male : single_Young
... >= 200 DM / salary for at least 1 year,15,existing credits paid back duly till now,retraining,1905,... < 100 DM,... >= 7 years,4,male : single,none,4,car or other,Early-Middle,none,rent,1,management/self-employed/highly qualified employee/officer,1,yes,yes,40,1,male : single_Early-Middle
no checking account,12,existing credits paid back duly till now,radio/television,1123,500 <= ... < 1000 DM,1 <= ... < 4 years,4,female : divorced/separated/married,none,4,car or other,Young,none,rent,1,unskilled - resident,1,no,yes,29,0,female : divorced/separated/married_Young
... < 100 DM,48,critical account/other credits existing,car (used),6331,... < 100 DM,... >= 7 years,4,male : single,none,4,unknown/no property,Mid-Career,none,for free,2,skilled employee/official,1,yes,yes,46,0,male : single_Mid-Career
... >= 200 DM / salary for at least 1 year,24,existing credits paid back duly till now,domestic appliances,1377,100 <= ... < 500 DM,... >= 7 years,4,female : divorced/separated/married,none,2,unknown/no property,Mid-Career,none,for free,1,skilled employee/official,1,yes,yes,47,1,female : divorced/separated/married_Mid-Career
0 <= ... < 200 DM,30,delay in paying off in the past,others,2503,100 <= ... < 500 DM,... >= 7 years,4,male : single,none,2,building society savings agreement/life insurance,Mid-Career,stores,own,2,skilled employee/official,1,no,yes,41,1,male : single_Mid-Career
0 <= ... < 200 DM,27,existing credits paid back duly till now,others,2528,... < 100 DM,... < 1 year,4,female : divorced/separated/married,none,1,building society savings agreement/life insurance,Early-Middle,none,own,1,skilled employee/official,2,yes,yes,32,1,female : divorced/separated/married_Early-Middle
no checking account,15,existing credits paid back duly till now,car (new),5324,500 <= ... < 1000 DM,... >= 7 years,1,female : divorced/separated/married,none,4,unknown/no property,Early-Middle,none,for free,1,skilled employee/official,1,no,yes,35,1,female : divorced/separated/married_Early-Middle
0 <= ... < 200 DM,48,existing credits paid back duly till now,car (new),6560,100 <= ... < 500 DM,4 <= ... < 7 years,3,male : single,none,2,building society savings agreement/life insurance,Young,none,own,1,skilled employee/official,1,no,yes,24,0,male : single_Young
0 <= ... < 200 DM,12,no credits taken/all credits paid back duly,radio/television,2969,... < 100 DM,... < 1 year,4,female : divorced/separated/married,none,3,building society savings agreement/life insurance,Young,none,rent,2,skilled employee/official,1,no,yes,25,0,female : divorced/separated/married_Young
0 <= ... < 200 DM,9,existing credits paid back duly till now,domestic appliances,1206,... < 100 DM,... >= 7 years,4,female : divorced/separated/married,none,4,real estate,Young,none,own,1,skilled employee/official,1,no,yes,25,1,female : divorced/separated/married_Young
0 <= ... < 200 DM,9,existing credits paid back duly till now,domestic appliances,2118,... < 100 DM,1 <= ... < 4 years,2,male : single,none,2,real estate,Early-Middle,none,own,1,unskilled - resident,2,no,yes,37,1,male : single_Early-Middle
no checking account,18,critical account/other credits existing,domestic appliances,629,500 <= ... < 1000 DM,... >= 7 years,4,male : single,none,3,building society savings agreement/life insurance,Early-Middle,bank,own,2,management/self-employed/highly qualified employee/officer,1,yes,yes,32,1,male : single_Early-Middle
... < 100 DM,6,all credits at this bank paid back duly,retraining,1198,... < 100 DM,... >= 7 years,4,female : divorced/separated/married,none,4,unknown/no property,Early-Middle,none,for free,1,skilled employee/official,1,no,yes,35,0,female : divorced/separated/married_Early-Middle
no checking account,21,existing credits paid back duly till now,car (used),2476,unknown/no savings account,... >= 7 years,4,male : single,none,4,real estate,Mid-Career,none,own,1,management/self-employed/highly qualified employee/officer,1,yes,yes,46,1,male : single_Mid-Career
... < 100 DM,9,critical account/other credits existing,domestic appliances,1138,... < 100 DM,1 <= ... < 4 years,4,male : single,none,4,real estate,Young,none,own,2,unskilled - resident,1,no,yes,25,1,male : single_Young
0 <= ... < 200 DM,60,existing credits paid back duly till now,car (new),14027,... < 100 DM,4 <= ... < 7 years,4,male : single,none,2,unknown/no property,Young,none,own,1,management/self-employed/highly qualified employee/officer,1,yes,yes,27,0,male : single_Young
no checking account,30,critical account/other credits existing,car (used),7596,unknown/no savings account,... >= 7 years,1,male : single,none,4,car or other,Late-Career,none,own,2,skilled employee/official,1,no,yes,63,1,male : single_Late-Career
no checking account,30,critical account/other credits existing,domestic appliances,3077,unknown/no savings account,... >= 7 years,3,male : single,none,2,car or other,Early-Middle,none,own,2,skilled employee/official,2,yes,yes,40,1,male : single_Early-Middle
no checking account,18,existing credits paid back duly till now,domestic appliances,1505,... < 100 DM,1 <= ... < 4 years,4,male : single,none,2,unknown/no property,Early-Middle,none,for free,1,management/self-employed/highly qualified employee/officer,1,yes,yes,32,1,male : single_Early-Middle
... >= 200 DM / salary for at least 1 year,24,critical account/other credits existing,domestic appliances,3148,unknown/no savings account,1 <= ... < 4 years,3,male : single,none,2,car or other,Early-Middle,none,own,2,skilled employee/official,1,yes,yes,31,1,male : single_Early-Middle
0 <= ... < 200 DM,20,no credits taken/all credits paid back duly,car (used),6148,100 <= ... < 500 DM,... >= 7 years,3,male : married/widowed,none,4,car or other,Early-Middle,bank,own,2,skilled employee/official,1,yes,yes,31,1,male : married/widowed_Early-Middle
... >= 200 DM / salary for at least 1 year,9,no credits taken/all credits paid back duly,domestic appliances,1337,... < 100 DM,... < 1 year,4,male : single,none,2,car or other,Early-Middle,none,own,2,management/self-employed/highly qualified employee/officer,1,yes,yes,34,0,male : single_Early-Middle
0 <= ... < 200 DM,6,all credits at this bank paid back duly,retraining,433,... >= 1000 DM,... < 1 year,4,female : divorced/separated/married,none,2,building society savings agreement/life insurance,Young,bank,rent,1,skilled employee/official,2,no,yes,24,0,female : divorced/separated/married_Young
... < 100 DM,12,existing credits paid back duly till now,car (new),1228,... < 100 DM,1 <= ... < 4 years,4,female : divorced/separated/married,none,2,real estate,Young,none,own,1,unskilled - resident,1,no,yes,24,0,female : divorced/separated/married_Young
0 <= ... < 200 DM,9,existing credits paid back duly till now,domestic appliances,790,500 <= ... < 1000 DM,1 <= ... < 4 years,4,female : divorced/separated/married,none,3,real estate,Late-Career,none,own,1,unskilled - resident,1,no,yes,66,1,female : divorced/separated/married_Late-Career
no checking account,27,existing credits paid back duly till now,car (new),2570,... < 100 DM,1 <= ... < 4 years,3,female : divorced/separated/married,none,3,real estate,Young,none,rent,1,skilled employee/official,1,no,yes,21,0,female : divorced/separated/married_Young
no checking account,6,critical account/other credits existing,car (new),250,... >= 1000 DM,1 <= ... < 4 years,2,female : divorced/separated/married,none,2,real estate,Mid-Career,bank,own,2,unskilled - resident,1,no,yes,41,1,female : divorced/separated/married_Mid-Career
no checking account,15,critical account/other credits existing,domestic appliances,1316,500 <= ... < 1000 DM,1 <= ... < 4 years,2,male : married/widowed,none,2,building society savings agreement/life insurance,Mid-Career,none,own,2,unskilled - resident,1,no,yes,47,1,male : married/widowed_Mid-Career
... < 100 DM,18,existing credits paid back duly till now,domestic appliances,1882,... < 100 DM,1 <= ... < 4 years,4,female : divorced/separated/married,none,4,car or other,Young,bank,rent,2,skilled employee/official,1,no,yes,25,0,female : divorced/separated/married_Young
0 <= ... < 200 DM,48,all credits at this bank paid back duly,others,6416,... < 100 DM,... >= 7 years,4,female : divorced/separated/married,none,3,unknown/no property,Late-Career,none,rent,1,skilled employee/official,1,no,yes,59,0,female : divorced/separated/married_Late-Career
... >= 200 DM / salary for at least 1 year,24,critical account/other credits existing,others,1275,... >= 1000 DM,1 <= ... < 4 years,2,male : divorced/separated,none,4,real estate,Early-Middle,none,own,2,skilled employee/official,1,yes,yes,36,1,male : divorced/separated_Early-Middle
0 <= ... < 200 DM,24,delay in paying off in the past,domestic appliances,6403,... < 100 DM,... < 1 year,1,male : single,none,2,car or other,Early-Middle,none,own,1,skilled employee/official,1,no,yes,33,1,male : single_Early-Middle
... < 100 DM,24,existing credits paid back duly till now,domestic appliances,1987,... < 100 DM,1 <= ... < 4 years,2,male : single,none,4,real estate,Young,none,rent,1,unskilled - resident,2,no,yes,21,0,male : single_Young
0 <= ... < 200 DM,8,existing credits paid back duly till now,domestic appliances,760,... < 100 DM,4 <= ... < 7 years,4,female : divorced/separated/married,guarantor,2,real estate,Mid-Career,none,own,1,unskilled - resident,1,no,yes,44,1,female : divorced/separated/married_Mid-Career
no checking account,24,existing credits paid back duly till now,car (used),2603,... >= 1000 DM,1 <= ... < 4 years,2,female : divorced/separated/married,none,4,car or other,Young,none,rent,1,skilled employee/official,1,yes,yes,28,1,female : divorced/separated/married_Young
no checking account,4,critical account/other credits existing,car (new),3380,... < 100 DM,4 <= ... < 7 years,1,female : divorced/separated/married,none,1,real estate,Early-Middle,none,own,1,skilled employee/official,2,no,yes,37,1,female : divorced/separated/married_Early-Middle
0 <= ... < 200 DM,36,all credits at this bank paid back duly,repairs,3990,unknown/no savings account,... < 1 year,3,female : divorced/separated/married,none,2,unknown/no property,Young,bank,own,1,unemployed/unskilled - non-resident,1,no,yes,29,1,female : divorced/separated/married_Young
0 <= ... < 200 DM,24,existing credits paid back duly till now,car (used),11560,... < 100 DM,1 <= ... < 4 years,1,female : divorced/separated/married,none,4,car or other,Young,none,rent,2,management/self-employed/highly qualified employee/officer,1,no,yes,23,0,female : divorced/separated/married_Young
... < 100 DM,18,existing credits paid back duly till now,car (new),4380,100 <= ... < 500 DM,1 <= ... < 4 years,3,male : single,none,4,car or other,Early-Middle,none,own,1,unskilled - resident,2,yes,yes,35,1,male : single_Early-Middle
no checking account,6,critical account/other credits existing,car (new),6761,... < 100 DM,4 <= ... < 7 years,1,male : single,none,3,unknown/no property,Mid-Career,none,own,2,management/self-employed/highly qualified employee/officer,2,yes,yes,45,1,male : single_Mid-Career
0 <= ... < 200 DM,30,no credits taken/all credits paid back duly,others,4280,100 <= ... < 500 DM,1 <= ... < 4 years,4,female : divorced/separated/married,none,4,car or other,Young,none,rent,2,unskilled - resident,1,no,yes,26,0,female : divorced/separated/married_Young
... < 100 DM,24,all credits at this bank paid back duly,car (new),2325,100 <= ... < 500 DM,4 <= ... < 7 years,2,male : single,none,3,car or other,Early-Middle,bank,own,1,skilled employee/official,1,no,yes,32,1,male : single_Early-Middle
0 <= ... < 200 DM,10,all credits at this bank paid back duly,domestic appliances,1048,... < 100 DM,1 <= ... < 4 years,4,male : single,none,4,real estate,Young,stores,own,1,unskilled - resident,1,no,yes,23,1,male : single_Young
no checking account,21,existing credits paid back duly till now,domestic appliances,3160,unknown/no savings account,... >= 7 years,4,male : single,none,3,building society savings agreement/life insurance,Mid-Career,none,own,1,skilled employee/official,1,yes,yes,41,1,male : single_Mid-Career
... < 100 DM,24,all credits at this bank paid back duly,radio/television,2483,500 <= ... < 1000 DM,1 <= ... < 4 years,4,male : single,none,4,real estate,Young,stores,own,1,skilled employee/official,1,yes,yes,22,1,male : single_Young
... < 100 DM,39,critical account/other credits existing,radio/television,14179,unknown/no savings account,4 <= ... < 7 years,4,male : single,none,4,building society savings agreement/life insurance,Young,none,own,2,management/self-employed/highly qualified employee/officer,1,yes,yes,30,1,male : single_Young
... < 100 DM,13,critical account/other credits existing,others,1797,... < 100 DM,... < 1 year,3,male : single,none,1,building society savings agreement/life insurance,Young,bank,own,2,unskilled - resident,1,no,yes,28,1,male : single_Young
... < 100 DM,15,existing credits paid back duly till now,car (new),2511,... < 100 DM,unemployed,1,female : divorced/separated/married,none,4,car or other,Young,none,rent,1,skilled employee/official,1,no,yes,23,1,female : divorced/separated/married_Young
... < 100 DM,12,existing credits paid back duly till now,car (new),1274,... < 100 DM,... < 1 year,3,female : divorced/separated/married,none,1,real estate,Early-Middle,none,own,1,unskilled - resident,1,no,yes,37,0,female : divorced/separated/married_Early-Middle
no checking account,21,existing credits paid back duly till now,car (used),5248,unknown/no savings account,1 <= ... < 4 years,1,male : single,none,3,car or other,Young,none,own,1,skilled employee/official,1,no,yes,26,1,male : single_Young
no checking account,15,existing credits paid back duly till now,car (used),3029,... < 100 DM,4 <= ... < 7 years,2,male : single,none,2,car or other,Early-Middle,none,own,1,skilled employee/official,1,no,yes,33,1,male : single_Early-Middle
... < 100 DM,6,existing credits paid back duly till now,radio/television,428,... < 100 DM,... >= 7 years,2,female : divorced/separated/married,none,1,building society savings agreement/life insurance,Mid-Career,bank,own,1,skilled employee/official,1,yes,yes,49,1,female : divorced/separated/married_Mid-Career
... < 100 DM,18,existing credits paid back duly till now,car (new),976,... < 100 DM,... < 1 year,1,female : divorced/separated/married,none,2,car or other,Young,none,own,1,unskilled - resident,1,no,yes,23,0,female : divorced/separated/married_Young
0 <= ... < 200 DM,12,existing credits paid back duly till now,others,841,100 <= ... < 500 DM,4 <= ... < 7 years,2,female : divorced/separated/married,none,4,real estate,Young,none,rent,1,unskilled - resident,1,no,yes,23,1,female : divorced/separated/married_Young
no checking account,30,critical account/other credits existing,domestic appliances,5771,... < 100 DM,4 <= ... < 7 years,4,female : divorced/separated/married,none,2,car or other,Young,none,own,2,skilled employee/official,1,no,yes,25,1,female : divorced/separated/married_Young
no checking account,12,delay in paying off in the past,education,1555,... >= 1000 DM,... >= 7 years,4,male : single,none,4,unknown/no property,Mid-Career,none,for free,2,skilled employee/official,2,no,yes,55,0,male : single_Mid-Career
... < 100 DM,24,existing credits paid back duly till now,car (new),1285,unknown/no savings account,4 <= ... < 7 years,4,female : divorced/separated/married,none,4,unknown/no property,Early-Middle,none,rent,1,skilled employee/official,1,no,yes,32,0,female : divorced/separated/married_Early-Middle
... >= 200 DM / salary for at least 1 year,6,critical account/other credits existing,car (new),1299,... < 100 DM,1 <= ... < 4 years,1,male : single,none,1,real estate,Late-Career,none,own,3,unemployed/unskilled - non-resident,2,no,no,74,1,male : single_Late-Career
... >= 200 DM / salary for at least 1 year,15,critical account/other credits existing,domestic appliances,1271,unknown/no savings account,1 <= ... < 4 years,3,male : single,none,4,unknown/no property,Early-Middle,none,for free,2,skilled employee/official,1,yes,yes,39,0,male : single_Early-Middle
no checking account,24,existing credits paid back duly till now,car (new),1393,... < 100 DM,1 <= ... < 4 years,2,male : single,guarantor,2,real estate,Early-Middle,none,own,1,skilled employee/official,1,yes,yes,31,1,male : single_Early-Middle
... < 100 DM,12,critical account/other credits existing,car (new),691,... < 100 DM,... >= 7 years,4,male : single,none,3,building society savings agreement/life insurance,Early-Middle,none,own,2,skilled employee/official,1,no,yes,35,0,male : single_Early-Middle
no checking account,15,critical account/other credits existing,car (new),5045,unknown/no savings account,... >= 7 years,1,female : divorced/separated/married,none,4,car or other,Late-Career,none,own,1,skilled employee/official,1,yes,yes,59,1,female : divorced/separated/married_Late-Career
... < 100 DM,18,critical account/other credits existing,radio/television,2124,... < 100 DM,1 <= ... < 4 years,4,female : divorced/separated/married,none,4,real estate,Young,none,rent,2,skilled employee/official,1,no,yes,24,0,female : divorced/separated/married_Young
... < 100 DM,12,existing credits paid back duly till now,domestic appliances,2214,... < 100 DM,1 <= ... < 4 years,4,male : single,none,3,building society savings agreement/life insurance,Young,none,own,1,unskilled - resident,1,no,yes,24,1,male : single_Young
no checking account,21,critical account/other credits existing,car (new),12680,unknown/no savings account,... >= 7 years,4,male : single,none,4,unknown/no property,Young,none,for free,1,management/self-employed/highly qualified employee/officer,1,yes,yes,30,0,male : single_Young
no checking account,24,critical account/other credits existing,car (new),2463,100 <= ... < 500 DM,4 <= ... < 7 years,4,male : married/widowed,none,3,building society savings agreement/life insurance,Young,none,own,2,skilled employee/official,1,yes,yes,27,1,male : married/widowed_Young
0 <= ... < 200 DM,12,existing credits paid back duly till now,domestic appliances,1155,... < 100 DM,... >= 7 years,3,male : married/widowed,guarantor,3,real estate,Early-Middle,bank,own,2,unskilled - resident,1,no,yes,40,1,male : married/widowed_Early-Middle
... < 100 DM,30,existing credits paid back duly till now,radio/television,3108,... < 100 DM,... < 1 year,2,male : divorced/separated,none,4,building society savings agreement/life insurance,Early-Middle,none,own,1,unskilled - resident,1,no,yes,31,0,male : divorced/separated_Early-Middle
no checking account,10,existing credits paid back duly till now,car (used),2901,unknown/no savings account,... < 1 year,1,female : divorced/separated/married,none,4,real estate,Early-Middle,none,rent,1,skilled employee/official,1,no,yes,31,1,female : divorced/separated/married_Early-Middle
0 <= ... < 200 DM,12,critical account/other credits existing,radio/television,3617,... < 100 DM,... >= 7 years,1,male : single,none,4,car or other,Young,none,rent,3,skilled employee/official,1,yes,yes,28,1,male : single_Young
no checking account,12,critical account/other credits existing,domestic appliances,1655,... < 100 DM,... >= 7 years,2,male : single,none,4,real estate,Late-Career,none,own,2,unskilled - resident,1,yes,yes,63,1,male : single_Late-Career
... < 100 DM,24,existing credits paid back duly till now,car (used),2812,unknown/no savings account,... >= 7 years,2,female : divorced/separated/married,none,4,real estate,Young,none,rent,1,skilled employee/official,1,no,yes,26,1,female : divorced/separated/married_Young
... < 100 DM,36,critical account/other credits existing,retraining,8065,... < 100 DM,1 <= ... < 4 years,3,female : divorced/separated/married,none,2,unknown/no property,Young,none,own,2,management/self-employed/highly qualified employee/officer,1,yes,yes,25,0,female : divorced/separated/married_Young
no checking account,21,critical account/other credits existing,car (used),3275,... < 100 DM,... >= 7 years,1,male : single,none,4,car or other,Early-Middle,none,own,1,management/self-employed/highly qualified employee/officer,1,yes,yes,36,1,male : single_Early-Middle
no checking account,24,critical account/other credits existing,domestic appliances,2223,100 <= ... < 500 DM,... >= 7 years,4,male : single,none,4,building society savings agreement/life insurance,Mid-Career,bank,own,2,skilled employee/official,1,no,yes,52,1,male : single_Mid-Career
... >= 200 DM / salary for at least 1 year,12,critical account/other credits existing,car (new),1480,500 <= ... < 1000 DM,unemployed,2,male : single,none,4,unknown/no property,Late-Career,bank,for free,3,unemployed/unskilled - non-resident,1,no,yes,66,1,male : single_Late-Career
... < 100 DM,24,existing credits paid back duly till now,car (new),1371,unknown/no savings account,1 <= ... < 4 years,4,female : divorced/separated/married,none,4,real estate,Young,none,rent,1,skilled employee/official,1,no,yes,25,0,female : divorced/separated/married_Young
no checking account,36,critical account/other credits existing,car (new),3535,... < 100 DM,4 <= ... < 7 years,4,male : single,none,4,car or other,Early-Middle,none,own,2,skilled employee/official,1,yes,yes,37,1,male : single_Early-Middle
... < 100 DM,18,existing credits paid back duly till now,domestic appliances,3509,... < 100 DM,4 <= ... < 7 years,4,female : divorced/separated/married,guarantor,1,real estate,Young,none,own,1,skilled employee/official,1,no,yes,25,1,female : divorced/separated/married_Young
no checking account,36,critical account/other credits existing,car (used),5711,... >= 1000 DM,... >= 7 years,4,male : single,none,2,car or other,Early-Middle,none,own,2,management/self-employed/highly qualified employee/officer,1,yes,yes,38,1,male : single_Early-Middle
0 <= ... < 200 DM,18,existing credits paid back duly till now,education,3872,... < 100 DM,unemployed,2,female : divorced/separated/married,none,4,car or other,Late-Career,none,own,1,skilled employee/official,1,yes,yes,67,1,female : divorced/separated/married_Late-Career
0 <= ... < 200 DM,39,critical account/other credits existing,domestic appliances,4933,... < 100 DM,4 <= ... < 7 years,2,male : single,guarantor,2,real estate,Young,none,own,2,skilled employee/official,1,no,yes,25,0,male : single_Young
no checking account,24,critical account/other credits existing,car (new),1940,... >= 1000 DM,... >= 7 years,4,male : single,none,4,real estate,Late-Career,none,own,1,skilled employee/official,1,yes,yes,60,1,male : single_Late-Career
0 <= ... < 200 DM,12,no credits taken/all credits paid back duly,business,1410,... < 100 DM,1 <= ... < 4 years,2,male : single,none,2,real estate,Early-Middle,none,own,1,unskilled - resident,1,yes,yes,31,1,male : single_Early-Middle
0 <= ... < 200 DM,12,existing credits paid back duly till now,car (new),836,100 <= ... < 500 DM,... < 1 year,4,female : divorced/separated/married,none,2,building society savings agreement/life insurance,Young,bank,own,1,unskilled - resident,1,no,yes,23,0,female : divorced/separated/married_Young
0 <= ... < 200 DM,20,existing credits paid back duly till now,car (used),6468,unknown/no savings account,unemployed,1,male : divorced/separated,none,4,real estate,Late-Career,none,own,1,management/self-employed/highly qualified employee/officer,1,yes,yes,60,1,male : divorced/separated_Late-Career
0 <= ... < 200 DM,18,existing credits paid back duly till now,others,1941,... >= 1000 DM,1 <= ... < 4 years,4,male : single,none,2,building society savings agreement/life insurance,Early-Middle,none,own,1,unskilled - resident,1,yes,yes,35,1,male : single_Early-Middle
no checking account,22,existing credits paid back duly till now,domestic appliances,2675,500 <= ... < 1000 DM,... >= 7 years,3,male : single,none,4,car or other,Early-Middle,none,own,1,skilled employee/official,1,no,yes,40,1,male : single_Early-Middle
no checking account,48,critical account/other credits existing,car (used),2751,unknown/no savings account,... >= 7 years,4,male : single,none,3,car or other,Early-Middle,none,own,2,skilled employee/official,2,yes,yes,38,1,male : single_Early-Middle
0 <= ... < 200 DM,48,delay in paying off in the past,retraining,6224,... < 100 DM,... >= 7 years,4,male : single,none,4,unknown/no property,Mid-Career,none,for free,1,skilled employee/official,1,no,yes,50,0,male : single_Mid-Career
... < 100 DM,40,critical account/other credits existing,retraining,5998,... < 100 DM,1 <= ... < 4 years,4,male : single,none,3,unknown/no property,Young,bank,own,1,skilled employee/official,1,yes,yes,27,0,male : single_Young
0 <= ... < 200 DM,21,existing credits paid back duly till now,others,1188,... < 100 DM,... >= 7 years,2,female : divorced/separated/married,none,4,building society savings agreement/life insurance,Early-Middle,none,own,1,skilled employee/official,2,no,yes,39,0,female : divorced/separated/married_Early-Middle
no checking account,24,existing credits paid back duly till now,car (used),6313,unknown/no savings account,... >= 7 years,3,male : single,none,4,car or other,Mid-Career,none,own,1,management/self-employed/highly qualified employee/officer,2,yes,yes,41,1,male : single_Mid-Career
no checking account,6,critical account/other credits existing,radio/television,1221,unknown/no savings account,1 <= ... < 4 years,1,male : married/widowed,none,2,building society savings agreement/life insurance,Young,none,own,2,skilled employee/official,1,no,yes,27,1,male : married/widowed_Young
... >= 200 DM / salary for at least 1 year,24,existing credits paid back duly till now,radio/television,2892,... < 100 DM,... >= 7 years,3,male : divorced/separated,none,4,unknown/no property,Mid-Career,none,for free,1,skilled employee/official,1,no,yes,51,1,male : divorced/separated_Mid-Career
no checking account,24,existing credits paid back duly till now,radio/television,3062,500 <= ... < 1000 DM,... >= 7 years,4,male : single,none,3,unknown/no property,Early-Middle,none,rent,1,skilled employee/official,1,yes,yes,32,1,male : single_Early-Middle
no checking account,9,existing credits paid back duly till now,radio/television,2301,100 <= ... < 500 DM,... < 1 year,2,female : divorced/separated/married,none,4,building society savings agreement/life insurance,Young,none,rent,1,skilled employee/official,1,no,yes,22,1,female : divorced/separated/married_Young
... < 100 DM,18,existing credits paid back duly till now,car (used),7511,unknown/no savings account,... >= 7 years,1,male : single,none,4,building society savings agreement/life insurance,Mid-Career,none,for free,1,skilled employee/official,2,yes,yes,51,0,male : single_Mid-Career
no checking account,12,critical account/other credits existing,radio/television,1258,... < 100 DM,... < 1 year,2,female : divorced/separated/married,none,4,building society savings agreement/life insurance,Young,none,rent,2,unskilled - resident,1,no,yes,22,1,female : divorced/separated/married_Young
no checking account,24,delay in paying off in the past,car (new),717,unknown/no savings account,... >= 7 years,4,male : married/widowed,none,4,car or other,Mid-Career,none,own,2,skilled employee/official,1,yes,yes,54,1,male : married/widowed_Mid-Career
0 <= ... < 200 DM,9,existing credits paid back duly till now,car (new),1549,unknown/no savings account,... < 1 year,4,male : single,none,2,real estate,Early-Middle,none,own,1,unemployed/unskilled - non-resident,1,no,yes,35,1,male : single_Early-Middle
no checking account,24,critical account/other credits existing,retraining,1597,... < 100 DM,... >= 7 years,4,male : single,none,4,unknown/no property,Mid-Career,none,for free,2,skilled employee/official,2,no,yes,54,1,male : single_Mid-Career
0 <= ... < 200 DM,18,critical account/other credits existing,domestic appliances,1795,... < 100 DM,... >= 7 years,3,female : divorced/separated/married,guarantor,4,real estate,Mid-Career,bank,rent,2,unskilled - resident,1,yes,yes,48,1,female : divorced/separated/married_Mid-Career
... < 100 DM,20,critical account/other credits existing,radio/television,4272,... < 100 DM,... >= 7 years,1,female : divorced/separated/married,none,4,building society savings agreement/life insurance,Young,none,own,2,skilled employee/official,1,no,yes,24,1,female : divorced/separated/married_Young
no checking account,12,critical account/other credits existing,domestic appliances,976,unknown/no savings account,... >= 7 years,4,male : single,none,4,car or other,Early-Middle,none,own,2,skilled employee/official,1,no,yes,35,1,male : single_Early-Middle
0 <= ... < 200 DM,12,existing credits paid back duly till now,car (new),7472,unknown/no savings account,unemployed,1,female : divorced/separated/married,none,2,real estate,Young,none,rent,1,unemployed/unskilled - non-resident,1,no,yes,24,1,female : divorced/separated/married_Young
... < 100 DM,36,existing credits paid back duly till now,car (new),9271,... < 100 DM,4 <= ... < 7 years,2,male : single,none,1,car or other,Young,none,own,1,skilled employee/official,1,yes,yes,24,0,male : single_Young
0 <= ... < 200 DM,6,existing credits paid back duly till now,domestic appliances,590,... < 100 DM,... < 1 year,3,male : married/widowed,none,3,real estate,Young,none,own,1,unskilled - resident,1,no,no,26,1,male : married/widowed_Young
no checking account,12,critical account/other credits existing,domestic appliances,930,unknown/no savings account,... >= 7 years,4,male : single,none,4,real estate,Late-Career,none,own,4,skilled employee/official,1,no,yes,65,1,male : single_Late-Career
0 <= ... < 200 DM,42,all credits at this bank paid back duly,car (used),9283,... < 100 DM,unemployed,1,male : single,none,2,unknown/no property,Mid-Career,bank,for free,1,management/self-employed/highly qualified employee/officer,1,yes,yes,55,1,male : single_Mid-Career
0 <= ... < 200 DM,15,no credits taken/all credits paid back duly,car (new),1778,... < 100 DM,... < 1 year,2,female : divorced/separated/married,none,1,real estate,Young,none,rent,2,unemployed/unskilled - non-resident,1,no,yes,26,0,female : divorced/separated/married_Young
0 <= ... < 200 DM,8,existing credits paid back duly till now,others,907,... < 100 DM,... < 1 year,3,male : married/widowed,none,2,real estate,Young,none,own,1,skilled employee/official,1,yes,yes,26,1,male : married/widowed_Young
0 <= ... < 200 DM,6,existing credits paid back duly till now,domestic appliances,484,... < 100 DM,4 <= ... < 7 years,3,male : married/widowed,guarantor,3,real estate,Young,bank,own,1,unskilled - resident,1,no,yes,28,1,male : married/widowed_Young
... < 100 DM,36,critical account/other credits existing,car (used),9629,... < 100 DM,4 <= ... < 7 years,4,male : single,none,4,car or other,Young,none,own,2,skilled employee/official,1,yes,yes,24,0,male : single_Young
... < 100 DM,48,existing credits paid back duly till now,repairs,3051,... < 100 DM,1 <= ... < 4 years,3,male : single,none,4,car or other,Mid-Career,none,own,1,skilled employee/official,1,no,yes,54,0,male : single_Mid-Career
... < 100 DM,48,existing credits paid back duly till now,car (new),3931,... < 100 DM,4 <= ... < 7 years,4,male : single,none,4,unknown/no property,Mid-Career,none,for free,1,skilled employee/official,2,no,yes,46,0,male : single_Mid-Career
0 <= ... < 200 DM,36,delay in paying off in the past,car (new),7432,... < 100 DM,1 <= ... < 4 years,2,female : divorced/separated/married,none,2,building society savings agreement/life insurance,Mid-Career,none,rent,1,skilled employee/official,1,no,yes,54,1,female : divorced/separated/married_Mid-Career
no checking account,6,existing credits paid back duly till now,repairs,1338,500 <= ... < 1000 DM,1 <= ... < 4 years,1,male : divorced/separated,none,4,real estate,Late-Career,none,own,1,skilled employee/official,1,no,yes,62,1,male : divorced/separated_Late-Career
no checking account,6,critical account/other credits existing,domestic appliances,1554,... < 100 DM,4 <= ... < 7 years,1,female : divorced/separated/married,none,2,car or other,Young,none,rent,2,skilled employee/official,1,yes,yes,24,1,female : divorced/separated/married_Young
... < 100 DM,36,existing credits paid back duly till now,furniture/equipment,15857,... < 100 DM,unemployed,2,male : divorced/separated,co-applicant,3,car or other,Mid-Career,none,own,1,management/self-employed/highly qualified employee/officer,1,no,yes,43,1,male : divorced/separated_Mid-Career
... < 100 DM,18,existing credits paid back duly till now,domestic appliances,1345,... < 100 DM,1 <= ... < 4 years,4,male : married/widowed,none,3,real estate,Young,bank,own,1,skilled employee/official,1,no,yes,26,0,male : married/widowed_Young
no checking account,12,existing credits paid back duly till now,car (new),1101,... < 100 DM,1 <= ... < 4 years,3,male : married/widowed,none,2,real estate,Young,none,own,2,skilled employee/official,1,yes,yes,27,1,male : married/widowed_Young
... >= 200 DM / salary for at least 1 year,12,existing credits paid back duly till now,domestic appliances,3016,... < 100 DM,1 <= ... < 4 years,3,male : married/widowed,none,1,car or other,Young,none,own,1,skilled employee/official,1,no,yes,24,1,male : married/widowed_Young
... < 100 DM,36,existing credits paid back duly till now,radio/television,2712,... < 100 DM,... >= 7 years,2,male : single,none,2,building society savings agreement/life insurance,Mid-Career,bank,own,1,skilled employee/official,2,no,yes,41,0,male : single_Mid-Career
... < 100 DM,8,critical account/other credits existing,car (new),731,... < 100 DM,... >= 7 years,4,male : single,none,4,real estate,Mid-Career,none,own,2,unskilled - resident,1,no,yes,47,1,male : single_Mid-Career
no checking account,18,critical account/other credits existing,radio/television,3780,... < 100 DM,... < 1 year,3,male : divorced/separated,none,2,car or other,Early-Middle,none,own,2,management/self-employed/highly qualified employee/officer,1,yes,yes,35,1,male : divorced/separated_Early-Middle
... < 100 DM,21,critical account/other credits existing,car (new),1602,... < 100 DM,... >= 7 years,4,male : married/widowed,none,3,car or other,Young,none,own,2,skilled employee/official,1,yes,yes,30,1,male : married/widowed_Young
... < 100 DM,18,critical account/other credits existing,car (new),3966,... < 100 DM,... >= 7 years,1,female : divorced/separated/married,none,4,real estate,Early-Middle,bank,rent,3,skilled employee/official,1,yes,yes,33,0,female : divorced/separated/married_Early-Middle
no checking account,18,no credits taken/all credits paid back duly,others,4165,... < 100 DM,1 <= ... < 4 years,2,male : single,none,2,car or other,Early-Middle,stores,own,2,skilled employee/official,2,no,yes,36,0,male : single_Early-Middle
... < 100 DM,36,existing credits paid back duly till now,car (used),8335,unknown/no savings account,... >= 7 years,3,male : single,none,4,unknown/no property,Mid-Career,none,for free,1,skilled employee/official,1,no,yes,47,0,male : single_Mid-Career
0 <= ... < 200 DM,48,delay in paying off in the past,others,6681,unknown/no savings account,1 <= ... < 4 years,4,male : single,none,4,unknown/no property,Early-Middle,none,for free,1,skilled employee/official,2,yes,yes,38,1,male : single_Early-Middle
no checking account,24,delay in paying off in the past,others,2375,500 <= ... < 1000 DM,1 <= ... < 4 years,4,male : single,none,2,car or other,Mid-Career,none,own,2,skilled employee/official,2,yes,yes,44,1,male : single_Mid-Career
... < 100 DM,18,existing credits paid back duly till now,car (new),1216,... < 100 DM,... < 1 year,4,female : divorced/separated/married,none,3,car or other,Young,none,rent,1,skilled employee/official,1,yes,yes,23,0,female : divorced/separated/married_Young
... < 100 DM,45,no credits taken/all credits paid back duly,others,11816,... < 100 DM,... >= 7 years,2,male : single,none,4,car or other,Young,none,rent,2,skilled employee/official,1,no,yes,29,0,male : single_Young
0 <= ... < 200 DM,24,existing credits paid back duly till now,domestic appliances,5084,unknown/no savings account,... >= 7 years,2,female : divorced/separated/married,none,4,car or other,Mid-Career,none,own,1,skilled employee/official,1,yes,yes,42,1,female : divorced/separated/married_Mid-Career
... >= 200 DM / salary for at least 1 year,15,existing credits paid back duly till now,domestic appliances,2327,... < 100 DM,... < 1 year,2,female : divorced/separated/married,none,3,real estate,Young,none,own,1,unskilled - resident,1,no,yes,25,0,female : divorced/separated/married_Young
... < 100 DM,12,no credits taken/all credits paid back duly,car (new),1082,... < 100 DM,1 <= ... < 4 years,4,male : single,none,4,car or other,Mid-Career,bank,own,2,skilled employee/official,1,no,yes,48,0,male : single_Mid-Career
no checking account,12,existing credits paid back duly till now,domestic appliances,886,unknown/no savings account,1 <= ... < 4 years,4,female : divorced/separated/married,none,2,car or other,Young,none,own,1,skilled employee/official,1,no,yes,21,1,female : divorced/separated/married_Young
no checking account,4,existing credits paid back duly till now,radio/television,601,... < 100 DM,... < 1 year,1,female : divorced/separated/married,none,3,real estate,Young,none,rent,1,unskilled - resident,2,no,yes,23,1,female : divorced/separated/married_Young
... < 100 DM,24,critical account/other credits existing,car (used),2957,... < 100 DM,... >= 7 years,4,male : single,none,4,building society savings agreement/life insurance,Late-Career,none,own,2,skilled employee/official,1,yes,yes,63,1,male : single_Late-Career
no checking account,24,critical account/other credits existing,domestic appliances,2611,... < 100 DM,... >= 7 years,4,male : married/widowed,co-applicant,3,real estate,Mid-Career,none,own,2,skilled employee/official,1,no,yes,46,1,male : married/widowed_Mid-Career
... < 100 DM,36,existing credits paid back duly till now,radio/television,5179,... < 100 DM,4 <= ... < 7 years,4,male : single,none,2,building society savings agreement/life insurance,Young,none,own,1,skilled employee/official,1,no,yes,29,0,male : single_Young
no checking account,21,delay in paying off in the past,car (used),2993,... < 100 DM,1 <= ... < 4 years,3,male : single,none,2,real estate,Young,stores,own,2,unskilled - resident,1,no,yes,28,1,male : single_Young
no checking account,18,existing credits paid back duly till now,education,1943,... < 100 DM,... < 1 year,4,female : divorced/separated/married,none,4,real estate,Young,none,own,1,skilled employee/official,1,no,yes,23,0,female : divorced/separated/married_Young
no checking account,24,all credits at this bank paid back duly,others,1559,... < 100 DM,4 <= ... < 7 years,4,male : single,none,4,car or other,Mid-Career,bank,own,1,skilled employee/official,1,yes,yes,50,1,male : single_Mid-Career
no checking account,18,existing credits paid back duly till now,radio/television,3422,... < 100 DM,... >= 7 years,4,male : single,none,4,building society savings agreement/life insurance,Mid-Career,bank,own,3,skilled employee/official,2,yes,yes,47,1,male : single_Mid-Career
0 <= ... < 200 DM,21,existing credits paid back duly till now,radio/television,3976,unknown/no savings account,4 <= ... < 7 years,2,male : single,none,3,car or other,Early-Middle,none,own,1,skilled employee/official,1,yes,yes,35,1,male : single_Early-Middle
no checking account,18,existing credits paid back duly till now,car (new),6761,unknown/no savings account,1 <= ... < 4 years,2,male : single,none,4,car or other,Late-Career,none,rent,2,skilled employee/official,1,no,yes,68,0,male : single_Late-Career
no checking account,24,existing credits paid back duly till now,car (new),1249,... < 100 DM,... < 1 year,4,male : married/widowed,none,2,real estate,Young,none,own,1,skilled employee/official,1,no,yes,28,1,male : married/widowed_Young
... < 100 DM,9,existing credits paid back duly till now,domestic appliances,1364,... < 100 DM,4 <= ... < 7 years,3,male : single,none,4,real estate,Late-Career,none,own,1,skilled employee/official,1,no,yes,59,1,male : single_Late-Career
... < 100 DM,12,existing credits paid back duly till now,domestic appliances,709,... < 100 DM,... >= 7 years,4,male : single,none,4,real estate,Late-Career,stores,own,1,unskilled - resident,1,no,yes,57,0,male : single_Late-Career
... < 100 DM,20,critical account/other credits existing,car (new),2235,... < 100 DM,1 <= ... < 4 years,4,male : married/widowed,guarantor,2,building society savings agreement/life insurance,Early-Middle,bank,rent,2,skilled employee/official,1,no,no,33,0,male : married/widowed_Early-Middle
no checking account,24,critical account/other credits existing,car (used),4042,unknown/no savings account,4 <= ... < 7 years,3,male : single,none,4,building society savings agreement/life insurance,Mid-Career,none,own,2,skilled employee/official,1,yes,yes,43,1,male : single_Mid-Career
no checking account,15,critical account/other credits existing,domestic appliances,1471,... < 100 DM,1 <= ... < 4 years,4,male : single,none,4,unknown/no property,Early-Middle,none,for free,2,skilled employee/official,1,yes,yes,35,1,male : single_Early-Middle
... < 100 DM,18,all credits at this bank paid back duly,car (new),1442,... < 100 DM,4 <= ... < 7 years,4,male : single,none,4,unknown/no property,Early-Middle,none,for free,2,unskilled - resident,2,no,yes,32,0,male : single_Early-Middle
no checking account,36,delay in paying off in the past,car (new),10875,... < 100 DM,... >= 7 years,2,male : single,none,2,car or other,Mid-Career,none,own,2,skilled employee/official,2,yes,yes,45,1,male : single_Mid-Career
no checking account,24,existing credits paid back duly till now,car (new),1474,100 <= ... < 500 DM,... < 1 year,4,male : married/widowed,none,3,real estate,Early-Middle,none,own,1,skilled employee/official,1,yes,yes,33,1,male : married/widowed_Early-Middle
no checking account,10,existing credits paid back duly till now,business,894,unknown/no savings account,4 <= ... < 7 years,4,female : divorced/separated/married,none,3,building society savings agreement/life insurance,Early-Middle,none,own,1,skilled employee/official,1,yes,yes,40,1,female : divorced/separated/married_Early-Middle
no checking account,15,critical account/other credits existing,radio/television,3343,... < 100 DM,1 <= ... < 4 years,4,male : single,none,2,unknown/no property,Young,none,for free,1,skilled employee/official,1,yes,yes,28,1,male : single_Young
... < 100 DM,15,existing credits paid back duly till now,car (new),3959,... < 100 DM,1 <= ... < 4 years,3,female : divorced/separated/married,none,2,building society savings agreement/life insurance,Young,none,own,1,skilled employee/official,1,yes,yes,29,0,female : divorced/separated/married_Young
no checking account,9,existing credits paid back duly till now,car (new),3577,100 <= ... < 500 DM,1 <= ... < 4 years,1,male : single,guarantor,2,real estate,Young,none,rent,1,skilled employee/official,2,no,no,26,1,male : single_Young
no checking account,24,critical account/other credits existing,car (used),5804,... >= 1000 DM,1 <= ... < 4 years,4,male : single,none,2,real estate,Young,none,own,2,skilled employee/official,1,no,yes,27,1,male : single_Young
no checking account,18,delay in paying off in the past,others,2169,... < 100 DM,1 <= ... < 4 years,4,male : married/widowed,none,2,car or other,Young,none,own,1,skilled employee/official,1,yes,yes,28,0,male : married/widowed_Young
... < 100 DM,24,existing credits paid back duly till now,domestic appliances,2439,... < 100 DM,... < 1 year,4,female : divorced/separated/married,none,4,real estate,Early-Middle,none,own,1,skilled employee/official,1,yes,yes,35,0,female : divorced/separated/married_Early-Middle
no checking account,27,critical account/other credits existing,radio/television,4526,... >= 1000 DM,... < 1 year,4,male : single,none,2,real estate,Early-Middle,stores,own,2,unskilled - resident,2,yes,yes,32,1,male : single_Early-Middle
no checking account,10,existing credits paid back duly till now,radio/television,2210,... < 100 DM,1 <= ... < 4 years,2,male : single,none,2,real estate,Young,bank,rent,1,unskilled - resident,1,no,yes,25,0,male : single_Young
no checking account,15,existing credits paid back duly till now,radio/television,2221,500 <= ... < 1000 DM,1 <= ... < 4 years,2,female : divorced/separated/married,none,4,car or other,Young,none,rent,1,skilled employee/official,1,no,yes,20,1,female : divorced/separated/married_Young
... < 100 DM,18,existing credits paid back duly till now,domestic appliances,2389,... < 100 DM,... < 1 year,4,female : divorced/separated/married,none,1,car or other,Young,stores,own,1,skilled employee/official,1,no,yes,27,1,female : divorced/separated/married_Young
no checking account,12,critical account/other credits existing,radio/television,3331,... < 100 DM,... >= 7 years,2,male : single,none,4,building society savings agreement/life insurance,Mid-Career,stores,own,1,skilled employee/official,1,no,yes,42,1,male : single_Mid-Career
no checking account,36,existing credits paid back duly till now,others,7409,unknown/no savings account,... >= 7 years,3,male : single,none,2,building society savings agreement/life insurance,Early-Middle,none,own,2,skilled employee/official,1,no,yes,37,1,male : single_Early-Middle
... < 100 DM,12,existing credits paid back duly till now,radio/television,652,... < 100 DM,... >= 7 years,4,female : divorced/separated/married,none,4,building society savings agreement/life insurance,Young,none,rent,1,skilled employee/official,1,no,yes,24,1,female : divorced/separated/married_Young
no checking account,36,delay in paying off in the past,radio/television,7678,500 <= ... < 1000 DM,4 <= ... < 7 years,2,female : divorced/separated/married,none,4,car or other,Early-Middle,none,own,2,skilled employee/official,1,yes,yes,40,1,female : divorced/separated/married_Early-Middle
... >= 200 DM / salary for at least 1 year,6,critical account/other credits existing,car (new),1343,... < 100 DM,... >= 7 years,1,male : single,none,4,real estate,Mid-Career,none,own,2,skilled employee/official,2,no,no,46,1,male : single_Mid-Career
... < 100 DM,24,critical account/other credits existing,others,1382,100 <= ... < 500 DM,4 <= ... < 7 years,4,male : single,none,1,real estate,Young,none,own,2,skilled employee/official,1,yes,yes,26,1,male : single_Young
no checking account,15,existing credits paid back duly till now,repairs,874,unknown/no savings account,... < 1 year,4,female : divorced/separated/married,none,1,real estate,Young,none,own,1,skilled employee/official,1,no,yes,24,1,female : divorced/separated/married_Young
... < 100 DM,12,existing credits paid back duly till now,radio/television,3590,... < 100 DM,1 <= ... < 4 years,2,male : single,co-applicant,2,building society savings agreement/life insurance,Young,none,own,1,unskilled - resident,2,no,yes,29,1,male : single_Young
0 <= ... < 200 DM,11,critical account/other credits existing,car (new),1322,... >= 1000 DM,1 <= ... < 4 years,4,female : divorced/separated/married,none,4,car or other,Early-Middle,none,own,2,skilled employee/official,1,no,yes,40,1,female : divorced/separated/married_Early-Middle
... < 100 DM,18,all credits at this bank paid back duly,domestic appliances,1940,... < 100 DM,... < 1 year,3,male : single,co-applicant,4,unknown/no property,Early-Middle,bank,for free,1,management/self-employed/highly qualified employee/officer,1,yes,yes,36,1,male : single_Early-Middle
no checking account,36,existing credits paid back duly till now,domestic appliances,3595,... < 100 DM,... >= 7 years,4,male : single,none,2,car or other,Young,none,own,1,skilled employee/official,1,no,yes,28,1,male : single_Young
... < 100 DM,9,existing credits paid back duly till now,car (new),1422,... < 100 DM,... < 1 year,3,male : single,none,2,unknown/no property,Young,none,for free,1,management/self-employed/highly qualified employee/officer,1,yes,yes,27,0,male : single_Young
no checking account,30,critical account/other credits existing,domestic appliances,6742,unknown/no savings account,4 <= ... < 7 years,2,male : single,none,3,building society savings agreement/life insurance,Early-Middle,none,own,2,skilled employee/official,1,no,yes,36,1,male : single_Early-Middle
no checking account,24,existing credits paid back duly till now,car (used),7814,... < 100 DM,4 <= ... < 7 years,3,male : single,none,3,car or other,Early-Middle,none,own,1,management/self-employed/highly qualified employee/officer,1,yes,yes,38,1,male : single_Early-Middle
no checking account,24,existing credits paid back duly till now,car (used),9277,unknown/no savings account,1 <= ... < 4 years,2,male : divorced/separated,none,4,unknown/no property,Mid-Career,none,for free,1,skilled employee/official,1,yes,yes,48,1,male : divorced/separated_Mid-Career
0 <= ... < 200 DM,30,critical account/other credits existing,car (new),2181,unknown/no savings account,... >= 7 years,4,male : single,none,4,real estate,Early-Middle,none,own,2,skilled employee/official,1,no,yes,36,1,male : single_Early-Middle
no checking account,18,critical account/other credits existing,domestic appliances,1098,... < 100 DM,unemployed,4,female : divorced/separated/married,none,4,car or other,Late-Career,none,own,2,unemployed/unskilled - non-resident,1,no,yes,65,1,female : divorced/separated/married_Late-Career
0 <= ... < 200 DM,24,existing credits paid back duly till now,radio/television,4057,... < 100 DM,4 <= ... < 7 years,3,male : divorced/separated,none,3,car or other,Mid-Career,none,own,1,skilled employee/official,1,yes,yes,43,0,male : divorced/separated_Mid-Career
... < 100 DM,12,existing credits paid back duly till now,retraining,795,... < 100 DM,... < 1 year,4,female : divorced/separated/married,none,4,building society savings agreement/life insurance,Mid-Career,none,own,1,skilled employee/official,1,no,yes,53,0,female : divorced/separated/married_Mid-Career
0 <= ... < 200 DM,24,critical account/other credits existing,others,2825,unknown/no savings account,4 <= ... < 7 years,4,male : single,none,3,unknown/no property,Early-Middle,none,own,2,skilled employee/official,2,yes,yes,34,1,male : single_Early-Middle
0 <= ... < 200 DM,48,existing credits paid back duly till now,others,15672,... < 100 DM,1 <= ... < 4 years,2,male : single,none,2,car or other,Young,none,own,1,skilled employee/official,1,yes,yes,23,0,male : single_Young
no checking account,36,critical account/other credits existing,car (new),6614,... < 100 DM,... >= 7 years,4,male : single,none,4,car or other,Early-Middle,none,own,2,management/self-employed/highly qualified employee/officer,1,yes,yes,34,1,male : single_Early-Middle
no checking account,28,all credits at this bank paid back duly,car (used),7824,unknown/no savings account,... < 1 year,3,male : single,guarantor,4,real estate,Early-Middle,bank,rent,2,skilled employee/official,2,yes,yes,40,1,male : single_Early-Middle
... < 100 DM,27,critical account/other credits existing,others,2442,... < 100 DM,... >= 7 years,4,male : single,none,4,car or other,Mid-Career,stores,own,4,management/self-employed/highly qualified employee/officer,2,yes,yes,43,1,male : single_Mid-Career
no checking account,15,critical account/other credits existing,domestic appliances,1829,... < 100 DM,... >= 7 years,4,male : single,none,4,car or other,Mid-Career,none,own,2,skilled employee/official,1,yes,yes,46,1,male : single_Mid-Career
... < 100 DM,12,critical account/other credits existing,car (new),2171,... < 100 DM,1 <= ... < 4 years,4,male : single,none,4,building society savings agreement/life insurance,Early-Middle,bank,own,2,unskilled - resident,1,no,no,38,1,male : single_Early-Middle
0 <= ... < 200 DM,36,critical account/other credits existing,car (used),5800,... < 100 DM,1 <= ... < 4 years,3,male : single,none,4,car or other,Early-Middle,none,own,2,skilled employee/official,1,yes,yes,34,1,male : single_Early-Middle
no checking account,18,critical account/other credits existing,domestic appliances,1169,unknown/no savings account,1 <= ... < 4 years,4,male : single,none,3,building society savings agreement/life insurance,Young,none,own,2,skilled employee/official,1,yes,yes,29,1,male : single_Young
no checking account,36,delay in paying off in the past,car (used),8947,unknown/no savings account,4 <= ... < 7 years,3,male : single,none,2,car or other,Early-Middle,stores,own,1,management/self-employed/highly qualified employee/officer,2,yes,yes,31,1,male : single_Early-Middle
... < 100 DM,21,existing credits paid back duly till now,domestic appliances,2606,... < 100 DM,... < 1 year,4,female : divorced/separated/married,none,4,building society savings agreement/life insurance,Young,none,rent,1,management/self-employed/highly qualified employee/officer,1,yes,yes,28,1,female : divorced/separated/married_Young
no checking account,12,critical account/other credits existing,radio/television,1592,... >= 1000 DM,4 <= ... < 7 years,3,female : divorced/separated/married,none,2,building society savings agreement/life insurance,Early-Middle,none,own,1,skilled employee/official,1,no,no,35,1,female : divorced/separated/married_Early-Middle
no checking account,15,existing credits paid back duly till now,radio/television,2186,unknown/no savings account,4 <= ... < 7 years,1,female : divorced/separated/married,none,4,real estate,Early-Middle,bank,rent,1,unskilled - resident,1,no,yes,33,1,female : divorced/separated/married_Early-Middle
... < 100 DM,18,existing credits paid back duly till now,radio/television,4153,... < 100 DM,1 <= ... < 4 years,2,male : single,co-applicant,3,car or other,Mid-Career,none,own,1,skilled employee/official,1,no,yes,42,0,male : single_Mid-Career
... < 100 DM,16,critical account/other credits existing,car (new),2625,... < 100 DM,... >= 7 years,2,male : single,guarantor,4,building society savings agreement/life insurance,Mid-Career,bank,rent,1,skilled employee/official,1,yes,yes,43,0,male : single_Mid-Career
no checking account,20,critical account/other credits existing,car (new),3485,unknown/no savings account,... < 1 year,2,male : divorced/separated,none,4,real estate,Mid-Career,none,own,2,skilled employee/official,1,yes,yes,44,1,male : divorced/separated_Mid-Career
no checking account,36,critical account/other credits existing,car (used),10477,unknown/no savings account,... >= 7 years,2,male : single,none,4,unknown/no property,Mid-Career,none,for free,2,skilled employee/official,1,no,yes,42,1,male : single_Mid-Career
no checking account,15,existing credits paid back duly till now,domestic appliances,1386,unknown/no savings account,1 <= ... < 4 years,4,male : married/widowed,none,2,real estate,Early-Middle,none,rent,1,skilled employee/official,1,yes,yes,40,1,male : married/widowed_Early-Middle
no checking account,24,existing credits paid back duly till now,domestic appliances,1278,... < 100 DM,... >= 7 years,4,male : single,none,1,real estate,Early-Middle,none,own,1,management/self-employed/highly qualified employee/officer,1,yes,yes,36,1,male : single_Early-Middle
... < 100 DM,12,existing credits paid back duly till now,domestic appliances,1107,... < 100 DM,1 <= ... < 4 years,2,male : single,none,2,real estate,Young,none,rent,1,management/self-employed/highly qualified employee/officer,2,yes,yes,20,1,male : single_Young
... < 100 DM,21,existing credits paid back duly till now,car (new),3763,unknown/no savings account,4 <= ... < 7 years,2,male : single,co-applicant,2,real estate,Young,none,own,1,unskilled - resident,1,no,no,24,1,male : single_Young
0 <= ... < 200 DM,36,existing credits paid back duly till now,retraining,3711,unknown/no savings account,1 <= ... < 4 years,2,male : married/widowed,none,2,car or other,Young,none,own,1,skilled employee/official,1,no,yes,27,1,male : married/widowed_Young
no checking account,15,delay in paying off in the past,car (used),3594,... < 100 DM,... < 1 year,1,female : divorced/separated/married,none,2,building society savings agreement/life insurance,Mid-Career,none,own,2,unskilled - resident,1,no,yes,46,1,female : divorced/separated/married_Mid-Career
0 <= ... < 200 DM,9,existing credits paid back duly till now,car (new),3195,unknown/no savings account,1 <= ... < 4 years,1,female : divorced/separated/married,none,2,real estate,Early-Middle,none,own,1,unskilled - resident,1,no,yes,33,1,female : divorced/separated/married_Early-Middle
no checking account,36,delay in paying off in the past,domestic appliances,4454,... < 100 DM,1 <= ... < 4 years,4,female : divorced/separated/married,none,4,real estate,Early-Middle,none,own,2,skilled employee/official,1,no,yes,34,1,female : divorced/separated/married_Early-Middle
0 <= ... < 200 DM,24,critical account/other credits existing,radio/television,4736,... < 100 DM,... < 1 year,2,female : divorced/separated/married,none,4,car or other,Young,bank,own,1,unskilled - resident,1,no,yes,25,0,female : divorced/separated/married_Young
0 <= ... < 200 DM,30,existing credits paid back duly till now,domestic appliances,2991,unknown/no savings account,... >= 7 years,2,female : divorced/separated/married,none,4,car or other,Young,none,own,1,skilled employee/official,1,no,yes,25,1,female : divorced/separated/married_Young
no checking account,11,existing credits paid back duly till now,others,2142,... >= 1000 DM,... >= 7 years,1,male : divorced/separated,none,2,real estate,Young,none,own,1,skilled employee/official,1,yes,yes,28,1,male : divorced/separated_Young
... < 100 DM,24,all credits at this bank paid back duly,others,3161,... < 100 DM,1 <= ... < 4 years,4,male : single,none,2,building society savings agreement/life insurance,Early-Middle,none,rent,1,skilled employee/official,1,yes,yes,31,0,male : single_Early-Middle
0 <= ... < 200 DM,48,no credits taken/all credits paid back duly,furniture/equipment,18424,... < 100 DM,1 <= ... < 4 years,1,female : divorced/separated/married,none,2,building society savings agreement/life insurance,Early-Middle,bank,own,1,management/self-employed/highly qualified employee/officer,1,yes,no,32,0,female : divorced/separated/married_Early-Middle
no checking account,10,existing credits paid back duly till now,car (used),2848,100 <= ... < 500 DM,1 <= ... < 4 years,1,male : single,co-applicant,2,real estate,Early-Middle,none,own,1,skilled employee/official,2,no,yes,32,1,male : single_Early-Middle
... < 100 DM,6,existing credits paid back duly till now,car (new),14896,... < 100 DM,... >= 7 years,1,male : single,none,4,unknown/no property,Late-Career,bank,own,1,management/self-employed/highly qualified employee/officer,1,yes,yes,68,0,male : single_Late-Career
... < 100 DM,24,existing credits paid back duly till now,radio/television,2359,100 <= ... < 500 DM,unemployed,1,male : divorced/separated,none,1,building society savings agreement/life insurance,Early-Middle,none,own,1,skilled employee/official,1,no,yes,33,0,male : divorced/separated_Early-Middle
... < 100 DM,24,existing credits paid back duly till now,radio/television,3345,... < 100 DM,... >= 7 years,4,male : single,none,2,building society savings agreement/life insurance,Early-Middle,none,rent,1,management/self-employed/highly qualified employee/officer,1,yes,yes,39,0,male : single_Early-Middle
no checking account,18,critical account/other credits existing,radio/television,1817,... < 100 DM,1 <= ... < 4 years,4,female : divorced/separated/married,none,2,unknown/no property,Young,none,own,2,skilled employee/official,1,no,yes,28,1,female : divorced/separated/married_Young
no checking account,48,delay in paying off in the past,domestic appliances,12749,500 <= ... < 1000 DM,4 <= ... < 7 years,4,male : single,none,1,car or other,Early-Middle,none,own,1,management/self-employed/highly qualified employee/officer,1,yes,yes,37,1,male : single_Early-Middle
... < 100 DM,9,existing credits paid back duly till now,domestic appliances,1366,... < 100 DM,... < 1 year,3,female : divorced/separated/married,none,4,building society savings agreement/life insurance,Young,none,rent,1,skilled employee/official,1,no,yes,22,0,female : divorced/separated/married_Young
0 <= ... < 200 DM,12,existing credits paid back duly till now,car (new),2002,... < 100 DM,4 <= ... < 7 years,3,male : single,none,4,building society savings agreement/life insurance,Young,none,rent,1,skilled employee/official,2,yes,yes,30,1,male : single_Young
... < 100 DM,24,all credits at this bank paid back duly,radio/television,6872,... < 100 DM,... < 1 year,2,male : divorced/separated,none,1,building society savings agreement/life insurance,Mid-Career,bank,own,1,skilled employee/official,1,yes,yes,55,0,male : divorced/separated_Mid-Career
... < 100 DM,12,all credits at this bank paid back duly,car (new),697,... < 100 DM,... < 1 year,4,male : single,none,2,car or other,Mid-Career,bank,own,2,skilled employee/official,1,yes,yes,46,0,male : single_Mid-Career
... < 100 DM,18,critical account/other credits existing,radio/television,1049,... < 100 DM,... < 1 year,4,female : divorced/separated/married,none,4,building society savings agreement/life insurance,Young,none,rent,1,skilled employee/official,1,no,yes,21,1,female : divorced/separated/married_Young
... < 100 DM,48,existing credits paid back duly till now,car (used),10297,... < 100 DM,4 <= ... < 7 years,4,male : single,none,4,unknown/no property,Early-Middle,stores,for free,3,skilled employee/official,2,yes,yes,39,0,male : single_Early-Middle
no checking account,30,existing credits paid back duly till now,domestic appliances,1867,unknown/no savings account,... >= 7 years,4,male : single,none,4,car or other,Late-Career,none,own,1,skilled employee/official,1,yes,yes,58,1,male : single_Late-Career
... < 100 DM,12,delay in paying off in the past,car (new),1344,... < 100 DM,1 <= ... < 4 years,4,male : single,none,2,real estate,Mid-Career,none,own,2,unskilled - resident,2,no,yes,43,1,male : single_Mid-Career
... < 100 DM,24,existing credits paid back duly till now,radio/television,1747,... < 100 DM,... < 1 year,4,male : single,co-applicant,1,building society savings agreement/life insurance,Young,none,own,1,unskilled - resident,1,no,no,24,1,male : single_Young
0 <= ... < 200 DM,9,existing credits paid back duly till now,domestic appliances,1670,... < 100 DM,... < 1 year,4,female : divorced/separated/married,none,2,car or other,Young,none,own,1,skilled employee/official,1,yes,yes,22,0,female : divorced/separated/married_Young
no checking account,9,critical account/other credits existing,car (new),1224,... < 100 DM,1 <= ... < 4 years,3,male : single,none,1,real estate,Young,none,own,2,skilled employee/official,1,no,yes,30,1,male : single_Young
no checking account,12,critical account/other credits existing,domestic appliances,522,500 <= ... < 1000 DM,... >= 7 years,4,male : single,none,4,building society savings agreement/life insurance,Mid-Career,none,own,2,skilled employee/official,2,yes,yes,42,1,male : single_Mid-Career
... < 100 DM,12,existing credits paid back duly till now,domestic appliances,1498,... < 100 DM,1 <= ... < 4 years,4,female : divorced/separated/married,none,1,car or other,Young,bank,own,1,skilled employee/official,1,no,yes,23,1,female : divorced/separated/married_Young
0 <= ... < 200 DM,30,delay in paying off in the past,domestic appliances,1919,100 <= ... < 500 DM,... < 1 year,4,male : single,none,3,unknown/no property,Young,stores,own,2,management/self-employed/highly qualified employee/officer,1,no,yes,30,0,male : single_Young
... >= 200 DM / salary for at least 1 year,9,existing credits paid back duly till now,domestic appliances,745,... < 100 DM,1 <= ... < 4 years,3,female : divorced/separated/married,none,2,real estate,Young,none,own,1,unskilled - resident,1,no,yes,28,0,female : divorced/separated/married_Young
0 <= ... < 200 DM,6,existing credits paid back duly till now,domestic appliances,2063,... < 100 DM,... < 1 year,4,male : married/widowed,none,3,car or other,Young,none,rent,1,management/self-employed/highly qualified employee/officer,1,yes,yes,30,1,male : married/widowed_Young
0 <= ... < 200 DM,60,existing credits paid back duly till now,retraining,6288,... < 100 DM,1 <= ... < 4 years,4,male : single,none,4,unknown/no property,Mid-Career,none,for free,1,skilled employee/official,1,no,yes,42,0,male : single_Mid-Career
no checking account,24,critical account/other credits existing,car (used),6842,unknown/no savings account,1 <= ... < 4 years,2,male : single,none,4,building society savings agreement/life insurance,Mid-Career,none,own,2,management/self-employed/highly qualified employee/officer,2,yes,yes,46,1,male : single_Mid-Career
no checking account,12,existing credits paid back duly till now,car (new),3527,unknown/no savings account,... < 1 year,2,male : single,none,3,building society savings agreement/life insurance,Mid-Career,none,own,1,management/self-employed/highly qualified employee/officer,2,yes,yes,45,1,male : single_Mid-Career
no checking account,10,existing credits paid back duly till now,car (new),1546,... < 100 DM,1 <= ... < 4 years,3,male : single,none,2,real estate,Early-Middle,none,own,1,unskilled - resident,2,no,no,31,1,male : single_Early-Middle
no checking account,24,existing credits paid back duly till now,radio/television,929,unknown/no savings account,4 <= ... < 7 years,4,male : single,none,2,car or other,Early-Middle,stores,own,1,skilled employee/official,1,yes,yes,31,1,male : single_Early-Middle
no checking account,4,critical account/other credits existing,car (new),1455,... < 100 DM,4 <= ... < 7 years,2,male : single,none,1,real estate,Mid-Career,none,own,3,unskilled - resident,2,no,yes,42,1,male : single_Mid-Career
... < 100 DM,15,existing credits paid back duly till now,radio/television,1845,... < 100 DM,... < 1 year,4,female : divorced/separated/married,guarantor,1,building society savings agreement/life insurance,Mid-Career,none,rent,1,skilled employee/official,1,no,yes,46,1,female : divorced/separated/married_Mid-Career
0 <= ... < 200 DM,48,no credits taken/all credits paid back duly,car (new),8358,500 <= ... < 1000 DM,... < 1 year,1,female : divorced/separated/married,none,1,car or other,Young,none,own,2,skilled employee/official,1,no,yes,30,1,female : divorced/separated/married_Young
... < 100 DM,24,all credits at this bank paid back duly,radio/television,3349,500 <= ... < 1000 DM,... < 1 year,4,male : single,none,4,unknown/no property,Young,none,for free,1,skilled employee/official,2,yes,yes,30,0,male : single_Young
no checking account,12,existing credits paid back duly till now,car (new),2859,unknown/no savings account,unemployed,4,male : single,none,4,unknown/no property,Early-Middle,none,own,1,management/self-employed/highly qualified employee/officer,1,yes,yes,38,1,male : single_Early-Middle
no checking account,18,existing credits paid back duly till now,radio/television,1533,... < 100 DM,... < 1 year,4,male : married/widowed,co-applicant,1,building society savings agreement/life insurance,Mid-Career,none,own,1,unskilled - resident,2,no,yes,43,0,male : married/widowed_Mid-Career
no checking account,24,existing credits paid back duly till now,domestic appliances,3621,100 <= ... < 500 DM,... >= 7 years,2,male : single,none,4,car or other,Early-Middle,none,own,2,skilled employee/official,1,no,yes,31,0,male : single_Early-Middle
0 <= ... < 200 DM,18,critical account/other credits existing,others,3590,... < 100 DM,unemployed,3,male : married/widowed,none,3,car or other,Early-Middle,none,own,3,unemployed/unskilled - non-resident,2,yes,yes,40,1,male : married/widowed_Early-Middle
... < 100 DM,36,delay in paying off in the past,others,2145,... < 100 DM,4 <= ... < 7 years,2,male : single,none,1,car or other,Young,none,own,2,skilled employee/official,1,yes,yes,24,0,male : single_Young
0 <= ... < 200 DM,24,existing credits paid back duly till now,car (used),4113,500 <= ... < 1000 DM,... < 1 year,3,female : divorced/separated/married,none,4,car or other,Young,none,rent,1,skilled employee/official,1,no,yes,28,0,female : divorced/separated/married_Young
no checking account,36,existing credits paid back duly till now,radio/television,10974,... < 100 DM,unemployed,4,female : divorced/separated/married,none,2,car or other,Young,none,own,2,management/self-employed/highly qualified employee/officer,1,yes,yes,26,0,female : divorced/separated/married_Young
... < 100 DM,12,existing credits paid back duly till now,car (new),1893,... < 100 DM,1 <= ... < 4 years,4,female : divorced/separated/married,guarantor,4,building society savings agreement/life insurance,Young,none,own,1,skilled employee/official,1,yes,yes,29,1,female : divorced/separated/married_Young
... < 100 DM,24,critical account/other credits existing,domestic appliances,1231,... >= 1000 DM,... >= 7 years,4,female : divorced/separated/married,none,4,building society savings agreement/life insurance,Late-Career,none,rent,2,management/self-employed/highly qualified employee/officer,1,yes,yes,57,1,female : divorced/separated/married_Late-Career
... >= 200 DM / salary for at least 1 year,30,critical account/other credits existing,domestic appliances,3656,unknown/no savings account,... >= 7 years,4,male : single,none,4,building society savings agreement/life insurance,Mid-Career,stores,own,2,unskilled - resident,1,no,yes,49,1,male : single_Mid-Career
0 <= ... < 200 DM,9,critical account/other credits existing,domestic appliances,1154,... < 100 DM,... >= 7 years,2,male : single,none,4,real estate,Early-Middle,none,own,3,unskilled - resident,1,no,yes,37,1,male : single_Early-Middle
... < 100 DM,28,existing credits paid back duly till now,car (new),4006,... < 100 DM,1 <= ... < 4 years,3,male : single,none,2,car or other,Mid-Career,none,own,1,unskilled - resident,1,no,yes,45,0,male : single_Mid-Career
0 <= ... < 200 DM,24,existing credits paid back duly till now,radio/television,3069,100 <= ... < 500 DM,... >= 7 years,4,male : single,none,4,unknown/no property,Young,none,for free,1,skilled employee/official,1,no,yes,30,1,male : single_Young
no checking account,6,critical account/other credits existing,domestic appliances,1740,... < 100 DM,... >= 7 years,2,male : married/widowed,none,2,real estate,Young,none,rent,2,skilled employee/official,1,no,yes,30,1,male : married/widowed_Young
0 <= ... < 200 DM,21,delay in paying off in the past,car (new),2353,... < 100 DM,1 <= ... < 4 years,1,male : divorced/separated,none,4,building society savings agreement/life insurance,Mid-Career,none,own,2,skilled employee/official,1,no,yes,47,1,male : divorced/separated_Mid-Career
no checking account,15,existing credits paid back duly till now,car (new),3556,unknown/no savings account,1 <= ... < 4 years,3,male : single,none,2,unknown/no property,Young,none,own,1,skilled employee/official,1,no,yes,29,1,male : single_Young
no checking account,24,existing credits paid back duly till now,domestic appliances,2397,500 <= ... < 1000 DM,... >= 7 years,3,male : single,none,2,car or other,Early-Middle,bank,own,2,skilled employee/official,1,yes,yes,35,0,male : single_Early-Middle
0 <= ... < 200 DM,6,existing credits paid back duly till now,education,454,... < 100 DM,... < 1 year,3,male : married/widowed,none,1,building society savings agreement/life insurance,Young,none,own,1,unskilled - resident,1,no,yes,22,1,male : married/widowed_Young
0 <= ... < 200 DM,30,existing credits paid back duly till now,domestic appliances,1715,unknown/no savings account,1 <= ... < 4 years,4,female : divorced/separated/married,none,1,car or other,Young,none,own,1,skilled employee/official,1,no,yes,26,1,female : divorced/separated/married_Young
0 <= ... < 200 DM,27,critical account/other credits existing,domestic appliances,2520,500 <= ... < 1000 DM,1 <= ... < 4 years,4,male : single,none,2,building society savings agreement/life insurance,Young,none,own,2,unskilled - resident,1,no,yes,23,0,male : single_Young
no checking account,15,existing credits paid back duly till now,domestic appliances,3568,... < 100 DM,... >= 7 years,4,female : divorced/separated/married,none,2,car or other,Mid-Career,bank,rent,1,management/self-employed/highly qualified employee/officer,1,yes,yes,54,1,female : divorced/separated/married_Mid-Career
no checking account,42,existing credits paid back duly till now,domestic appliances,7166,unknown/no savings account,4 <= ... < 7 years,2,male : married/widowed,none,4,building society savings agreement/life insurance,Young,none,rent,1,skilled employee/official,1,yes,yes,29,1,male : married/widowed_Young
... < 100 DM,11,critical account/other credits existing,car (new),3939,... < 100 DM,1 <= ... < 4 years,1,male : single,none,2,real estate,Early-Middle,none,own,2,unskilled - resident,2,no,yes,40,1,male : single_Early-Middle
0 <= ... < 200 DM,15,existing credits paid back duly till now,education,1514,100 <= ... < 500 DM,1 <= ... < 4 years,4,male : single,guarantor,2,real estate,Young,none,own,1,skilled employee/official,1,no,yes,22,1,male : single_Young
no checking account,24,existing credits paid back duly till now,car (new),7393,... < 100 DM,1 <= ... < 4 years,1,male : single,none,4,building society savings agreement/life insurance,Mid-Career,none,own,1,unskilled - resident,2,no,yes,43,1,male : single_Mid-Career
... < 100 DM,24,all credits at this bank paid back duly,car (new),1193,... < 100 DM,unemployed,1,female : divorced/separated/married,co-applicant,4,unknown/no property,Young,none,rent,2,unemployed/unskilled - non-resident,1,no,yes,29,0,female : divorced/separated/married_Young
... < 100 DM,60,existing credits paid back duly till now,others,7297,... < 100 DM,... >= 7 years,4,male : single,co-applicant,4,unknown/no property,Early-Middle,none,rent,1,skilled employee/official,1,no,yes,36,0,male : single_Early-Middle
no checking account,30,critical account/other credits existing,domestic appliances,2831,... < 100 DM,1 <= ... < 4 years,4,female : divorced/separated/married,none,2,car or other,Early-Middle,none,own,1,skilled employee/official,1,yes,yes,33,1,female : divorced/separated/married_Early-Middle
... >= 200 DM / salary for at least 1 year,24,existing credits paid back duly till now,domestic appliances,1258,500 <= ... < 1000 DM,1 <= ... < 4 years,3,female : divorced/separated/married,none,3,car or other,Late-Career,none,own,1,unskilled - resident,1,no,yes,57,1,female : divorced/separated/married_Late-Career
0 <= ... < 200 DM,6,existing credits paid back duly till now,domestic appliances,753,... < 100 DM,1 <= ... < 4 years,2,female : divorced/separated/married,guarantor,3,real estate,Late-Career,none,own,1,skilled employee/official,1,no,yes,64,1,female : divorced/separated/married_Late-Career
0 <= ... < 200 DM,18,delay in paying off in the past,others,2427,unknown/no savings account,... >= 7 years,4,male : single,none,2,building society savings agreement/life insurance,Mid-Career,none,own,2,skilled employee/official,1,no,yes,42,1,male : single_Mid-Career
no checking account,24,delay in paying off in the past,car (new),2538,... < 100 DM,... >= 7 years,4,male : single,none,4,car or other,Mid-Career,none,own,2,unskilled - resident,2,no,yes,47,0,male : single_Mid-Career
0 <= ... < 200 DM,15,all credits at this bank paid back duly,car (new),1264,100 <= ... < 500 DM,1 <= ... < 4 years,2,male : married/widowed,none,2,building society savings agreement/life insurance,Young,none,rent,1,skilled employee/official,1,no,yes,25,0,male : married/widowed_Young
0 <= ... < 200 DM,30,critical account/other credits existing,radio/television,8386,... < 100 DM,4 <= ... < 7 years,2,male : single,none,2,building society savings agreement/life insurance,Mid-Career,none,own,1,skilled employee/official,1,no,yes,49,0,male : single_Mid-Career
no checking account,48,existing credits paid back duly till now,others,4844,... < 100 DM,unemployed,3,male : single,none,2,car or other,Early-Middle,bank,rent,1,management/self-employed/highly qualified employee/officer,1,yes,yes,33,0,male : single_Early-Middle
... >= 200 DM / salary for at least 1 year,21,existing credits paid back duly till now,car (new),2923,100 <= ... < 500 DM,1 <= ... < 4 years,1,female : divorced/separated/married,none,1,car or other,Young,bank,own,1,management/self-employed/highly qualified employee/officer,1,yes,yes,28,1,female : divorced/separated/married_Young
... < 100 DM,36,existing credits paid back duly till now,car (used),8229,... < 100 DM,1 <= ... < 4 years,2,male : single,none,2,building society savings agreement/life insurance,Young,none,own,1,skilled employee/official,2,no,yes,26,0,male : single_Young
no checking account,24,critical account/other credits existing,radio/television,2028,... < 100 DM,4 <= ... < 7 years,2,male : single,none,2,building society savings agreement/life insurance,Young,none,own,2,unskilled - resident,1,no,yes,30,1,male : single_Young
... < 100 DM,15,critical account/other credits existing,radio/television,1433,... < 100 DM,1 <= ... < 4 years,4,female : divorced/separated/married,none,3,building society savings agreement/life insurance,Young,none,rent,2,skilled employee/official,1,no,yes,25,1,female : divorced/separated/married_Young
... >= 200 DM / salary for at least 1 year,42,no credits taken/all credits paid back duly,others,6289,... < 100 DM,... < 1 year,2,male : divorced/separated,none,1,building society savings agreement/life insurance,Early-Middle,none,own,2,skilled employee/official,1,no,yes,33,1,male : divorced/separated_Early-Middle
no checking account,13,existing credits paid back duly till now,domestic appliances,1409,100 <= ... < 500 DM,unemployed,2,female : divorced/separated/married,none,4,real estate,Late-Career,none,own,1,skilled employee/official,1,no,yes,64,1,female : divorced/separated/married_Late-Career
... < 100 DM,24,existing credits paid back duly till now,car (used),6579,... < 100 DM,unemployed,4,male : single,none,2,unknown/no property,Young,none,for free,1,management/self-employed/highly qualified employee/officer,1,yes,yes,29,1,male : single_Young
0 <= ... < 200 DM,24,critical account/other credits existing,domestic appliances,1743,... < 100 DM,... >= 7 years,4,male : single,none,2,building society savings agreement/life insurance,Mid-Career,none,own,2,unskilled - resident,1,no,yes,48,1,male : single_Mid-Career
no checking account,12,critical account/other credits existing,retraining,3565,unknown/no savings account,... < 1 year,2,male : single,none,1,building society savings agreement/life insurance,Early-Middle,none,own,2,unskilled - resident,2,no,yes,37,1,male : single_Early-Middle
no checking account,15,all credits at this bank paid back duly,domestic appliances,1569,100 <= ... < 500 DM,... >= 7 years,4,male : single,none,4,car or other,Early-Middle,bank,own,1,unskilled - resident,2,no,yes,34,1,male : single_Early-Middle
... < 100 DM,18,existing credits paid back duly till now,domestic appliances,1936,unknown/no savings account,4 <= ... < 7 years,2,male : married/widowed,none,4,car or other,Young,none,rent,2,unskilled - resident,1,no,yes,23,1,male : married/widowed_Young
... < 100 DM,36,existing credits paid back duly till now,radio/television,3959,... < 100 DM,unemployed,4,male : single,none,3,building society savings agreement/life insurance,Young,none,own,1,management/self-employed/highly qualified employee/officer,1,yes,yes,30,1,male : single_Young
no checking account,12,existing credits paid back duly till now,car (new),2390,unknown/no savings account,... >= 7 years,4,male : single,none,3,car or other,Mid-Career,none,own,1,skilled employee/official,1,yes,yes,50,1,male : single_Mid-Career
no checking account,12,existing credits paid back duly till now,radio/television,1736,... < 100 DM,4 <= ... < 7 years,3,female : divorced/separated/married,none,4,real estate,Early-Middle,none,own,1,unskilled - resident,1,no,yes,31,1,female : divorced/separated/married_Early-Middle
... < 100 DM,30,existing credits paid back duly till now,car (used),3857,... < 100 DM,1 <= ... < 4 years,4,male : divorced/separated,none,4,building society savings agreement/life insurance,Early-Middle,none,own,1,management/self-employed/highly qualified employee/officer,1,yes,yes,40,1,male : divorced/separated_Early-Middle
no checking account,12,existing credits paid back duly till now,domestic appliances,804,... < 100 DM,... >= 7 years,4,male : single,none,4,car or other,Early-Middle,none,own,1,skilled employee/official,1,no,yes,38,1,male : single_Early-Middle
... < 100 DM,45,existing credits paid back duly till now,domestic appliances,1845,... < 100 DM,1 <= ... < 4 years,4,male : single,none,4,unknown/no property,Young,none,for free,1,skilled employee/official,1,yes,yes,23,0,male : single_Young
0 <= ... < 200 DM,45,critical account/other credits existing,car (used),4576,100 <= ... < 500 DM,unemployed,3,male : single,none,4,car or other,Young,none,own,1,skilled employee/official,1,no,yes,27,1,male : single_Young
... < 100 DM,23,existing credits paid back duly till now,car (new),1284,unknown/no savings account,1 <= ... < 4 years,4,female : divorced/separated/married,none,3,real estate,Early-Middle,none,rent,1,skilled employee/official,1,no,yes,31,0,female : divorced/separated/married_Early-Middle
... >= 200 DM / salary for at least 1 year,21,critical account/other credits existing,car (used),2543,... >= 1000 DM,... >= 7 years,4,male : single,none,1,building society savings agreement/life insurance,Late-Career,none,own,1,unskilled - resident,1,no,yes,26,0,male : single_Late-Career
... < 100 DM,24,all credits at this bank paid back duly,education,1357,unknown/no savings account,... >= 7 years,4,male : single,none,2,car or other,Early-Middle,none,own,1,management/self-employed/highly qualified employee/officer,1,no,yes,39,0,male : single_Early-Middle
... >= 200 DM / salary for at least 1 year,12,delay in paying off in the past,car (used),1479,500 <= ... < 1000 DM,1 <= ... < 4 years,2,male : married/widowed,none,1,real estate,Mid-Career,none,for free,1,skilled employee/official,1,no,yes,25,0,male : married/widowed_Mid-Career
... < 100 DM,14,critical account/other credits existing,car (used),1271,500 <= ... < 1000 DM,... >= 7 years,3,male : married/widowed,none,3,real estate,Early-Middle,none,for free,1,skilled employee/official,1,no,yes,38,0,male : married/widowed_Early-Middle
... >= 200 DM / salary for at least 1 year,15,existing credits paid back duly till now,furniture/equipment,1982,... < 100 DM,... < 1 year,2,male : divorced/separated,co-applicant,2,car or other,Young,none,rent,1,skilled employee/official,1,no,yes,19,0,male : divorced/separated_Young
... < 100 DM,48,critical account/other credits existing,furniture/equipment,6284,... < 100 DM,... >= 7 years,4,male : single,none,4,unknown/no property,Mid-Career,none,for free,1,skilled employee/official,1,no,yes,47,0,male : single_Mid-Career
... < 100 DM,21,existing credits paid back duly till now,car (used),15240,... < 100 DM,... < 1 year,1,male : single,none,4,unknown/no property,Late-Career,bank,own,1,management/self-employed/highly qualified employee/officer,1,yes,yes,64,0,male : single_Late-Career
... < 100 DM,10,critical account/other credits existing,radio/television,3393,... < 100 DM,... >= 7 years,1,male : divorced/separated,none,3,car or other,Mid-Career,none,own,1,management/self-employed/highly qualified employee/officer,1,no,yes,38,0,male : divorced/separated_Mid-Career
0 <= ... < 200 DM,18,no credits taken/all credits paid back duly,others,4156,... < 100 DM,... >= 7 years,2,male : single,none,2,car or other,Early-Middle,none,own,2,skilled employee/official,2,no,yes,33,0,male : single_Early-Middle
0 <= ... < 200 DM,18,critical account/other credits existing,car (new),2774,... < 100 DM,1 <= ... < 4 years,2,male : married/widowed,none,2,building society savings agreement/life insurance,Early-Middle,bank,own,2,skilled employee/official,1,no,yes,31,0,male : married/widowed_Early-Middle
... < 100 DM,35,delay in paying off in the past,car (used),8254,... < 100 DM,1 <= ... < 4 years,2,male : single,none,2,building society savings agreement/life insurance,Mid-Career,none,own,1,skilled employee/official,1,no,yes,29,0,male : single_Mid-Career
... < 100 DM,36,existing credits paid back duly till now,car (used),1838,... < 100 DM,... < 1 year,4,female : divorced/separated/married,none,4,car or other,Early-Middle,none,for free,1,skilled employee/official,1,yes,yes,34,0,female : divorced/separated/married_Early-Middle
... >= 200 DM / salary for at least 1 year,12,delay in paying off in the past,car (used),1664,... >= 1000 DM,... < 1 year,4,female : divorced/separated/married,none,2,building society savings agreement/life insurance,Mid-Career,none,own,1,skilled employee/official,1,no,yes,26,0,female : divorced/separated/married_Mid-Career
no checking account,12,critical account/other credits existing,domestic appliances,1554,... < 100 DM,... >= 7 years,3,male : single,none,3,real estate,Late-Career,bank,for free,2,skilled employee/official,1,no,yes,54,0,male : single_Late-Career
... < 100 DM,19,delay in paying off in the past,car (new),1440,... < 100 DM,4 <= ... < 7 years,3,female : divorced/separated/married,none,3,car or other,Young,none,own,1,skilled employee/official,1,no,yes,24,0,female : divorced/separated/married_Young
0 <= ... < 200 DM,14,critical account/other credits existing,car (used),6463,100 <= ... < 500 DM,1 <= ... < 4 years,2,male : single,none,2,unknown/no property,Late-Career,bank,own,1,management/self-employed/highly qualified employee/officer,1,yes,yes,45,0,male : single_Late-Career
0 <= ... < 200 DM,51,delay in paying off in the past,furniture/equipment,15381,... < 100 DM,... >= 7 years,2,male : married/widowed,none,2,car or other,Mid-Career,bank,for free,1,management/self-employed/highly qualified employee/officer,1,yes,yes,35,0,male : married/widowed_Mid-Career
... >= 200 DM / salary for at least 1 year,12,delay in paying off in the past,car (new),674,... < 100 DM,1 <= ... < 4 years,2,male : divorced/separated,none,3,car or other,Young,bank,own,1,unskilled - resident,1,no,yes,24,0,male : divorced/separated_Young
... < 100 DM,41,existing credits paid back duly till now,domestic appliances,4640,... < 100 DM,... < 1 year,2,male : married/widowed,none,4,real estate,Young,bank,for free,1,skilled employee/official,1,no,yes,24,0,male : married/widowed_Young
0 <= ... < 200 DM,18,existing credits paid back duly till now,furniture/equipment,4163,... < 100 DM,... >= 7 years,2,male : married/widowed,none,2,car or other,Early-Middle,none,own,1,skilled employee/official,1,no,yes,35,0,male : married/widowed_Early-Middle
0 <= ... < 200 DM,30,existing credits paid back duly till now,car (new),12475,100 <= ... < 500 DM,... >= 7 years,2,male : divorced/separated,none,3,unknown/no property,Early-Middle,none,for free,1,management/self-employed/highly qualified employee/officer,1,yes,yes,40,0,male : divorced/separated_Early-Middle
... >= 200 DM / salary for at least 1 year,18,delay in paying off in the past,car (new),1039,500 <= ... < 1000 DM,... >= 7 years,4,female : divorced/separated/married,none,2,building society savings agreement/life insurance,Early-Middle,none,own,1,skilled employee/official,1,no,yes,35,0,female : divorced/separated/married_Early-Middle
... < 100 DM,48,existing credits paid back duly till now,car (new),3927,... < 100 DM,1 <= ... < 4 years,4,male : married/widowed,none,3,real estate,Late-Career,bank,for free,1,skilled employee/official,1,no,yes,44,0,male : married/widowed_Late-Career
... >= 200 DM / salary for at least 1 year,21,existing credits paid back duly till now,car (new),1350,... < 100 DM,... < 1 year,3,female : divorced/separated/married,none,3,car or other,Young,bank,own,1,unemployed/unskilled - non-resident,1,no,yes,25,0,female : divorced/separated/married_Young
... < 100 DM,14,existing credits paid back duly till now,car (used),950,... < 100 DM,... < 1 year,4,male : married/widowed,none,3,car or other,Early-Middle,bank,rent,2,skilled employee/official,1,no,yes,31,0,male : married/widowed_Early-Middle
... < 100 DM,41,critical account/other credits existing,retraining,6029,... < 100 DM,... >= 7 years,4,male : single,none,3,unknown/no property,Mid-Career,bank,for free,1,skilled employee/official,1,no,yes,30,0,male : single_Mid-Career
0 <= ... < 200 DM,45,critical account/other credits existing,car (used),11644,... >= 1000 DM,... >= 7 years,1,female : divorced/separated/married,none,3,car or other,Mid-Career,bank,own,1,unskilled - resident,1,no,yes,25,0,female : divorced/separated/married_Mid-Career
... < 100 DM,23,existing credits paid back duly till now,radio/television,4111,... < 100 DM,... >= 7 years,2,male : single,guarantor,3,real estate,Mid-Career,bank,own,1,skilled employee/official,1,no,yes,23,0,male : single_Mid-Career
... >= 200 DM / salary for at least 1 year,35,existing credits paid back duly till now,others,4287,... >= 1000 DM,... >= 7 years,3,female : divorced/separated/married,none,4,building society savings agreement/life insurance,Young,none,rent,1,unemployed/unskilled - non-resident,1,no,yes,25,0,female : divorced/separated/married_Young
0 <= ... < 200 DM,24,existing credits paid back duly till now,furniture/equipment,4591,... < 100 DM,... >= 7 years,2,male : single,none,3,building society savings agreement/life insurance,Mid-Career,none,for free,2,management/self-employed/highly qualified employee/officer,1,no,yes,52,0,male : single_Mid-Career
0 <= ... < 200 DM,14,existing credits paid back duly till now,education,1533,... < 100 DM,... < 1 year,2,male : married/widowed,guarantor,1,car or other,Mid-Career,none,own,1,skilled employee/official,1,no,yes,30,0,male : married/widowed_Mid-Career
... >= 200 DM / salary for at least 1 year,29,critical account/other credits existing,domestic appliances,2730,... < 100 DM,... >= 7 years,3,male : divorced/separated,none,4,building society savings agreement/life insurance,Late-Career,bank,own,1,unemployed/unskilled - non-resident,1,no,yes,24,0,male : divorced/separated_Late-Career
... < 100 DM,15,critical account/other credits existing,education,1272,unknown/no savings account,1 <= ... < 4 years,3,male : married/widowed,none,3,real estate,Early-Middle,none,for free,1,skilled employee/official,1,no,yes,35,0,male : married/widowed_Early-Middle
no checking account,26,delay in paying off in the past,car (new),2561,... < 100 DM,... >= 7 years,3,female : divorced/separated/married,none,3,car or other,Mid-Career,none,own,1,skilled employee/official,1,no,yes,27,0,female : divorced/separated/married_Mid-Career
... < 100 DM,34,existing credits paid back duly till now,radio/television,3445,... < 100 DM,... >= 7 years,3,male : married/widowed,guarantor,2,car or other,Mid-Career,none,own,1,skilled employee/official,1,no,yes,38,0,male : married/widowed_Mid-Career
... < 100 DM,44,existing credits paid back duly till now,domestic appliances,1842,... < 100 DM,1 <= ... < 4 years,4,male : single,none,4,unknown/no property,Mid-Career,none,for free,1,skilled employee/official,1,yes,yes,24,0,male : single_Mid-Career
0 <= ... < 200 DM,9,existing credits paid back duly till now,car (new),1320,100 <= ... < 500 DM,... >= 7 years,4,male : single,guarantor,3,building society savings agreement/life insurance,Late-Career,none,own,1,skilled employee/official,1,no,yes,29,0,male : single_Late-Career
... < 100 DM,36,critical account/other credits existing,repairs,8038,... >= 1000 DM,... >= 7 years,3,female : divorced/separated/married,none,2,real estate,Young,none,own,2,management/self-employed/highly qualified employee/officer,1,yes,yes,25,0,female : divorced/separated/married_Young
... < 100 DM,12,existing credits paid back duly till now,others,1281,... < 100 DM,... >= 7 years,2,female : divorced/separated/married,none,3,car or other,Mid-Career,none,own,1,skilled employee/official,1,no,yes,20,0,female : divorced/separated/married_Mid-Career
... < 100 DM,24,all credits at this bank paid back duly,education,1357,500 <= ... < 1000 DM,... < 1 year,3,male : married/widowed,none,3,car or other,Early-Middle,none,own,1,management/self-employed/highly qualified employee/officer,1,yes,yes,38,0,male : married/widowed_Early-Middle
0 <= ... < 200 DM,18,critical account/other credits existing,car (used),1219,... >= 1000 DM,... < 1 year,2,male : married/widowed,none,2,real estate,Early-Middle,bank,own,2,skilled employee/official,1,no,yes,41,0,male : married/widowed_Early-Middle
... >= 200 DM / salary for at least 1 year,24,delay in paying off in the past,car (new),1355,... < 100 DM,... < 1 year,3,female : divorced/separated/married,none,3,car or other,Mid-Career,none,own,1,unemployed/unskilled - non-resident,1,yes,yes,28,0,female : divorced/separated/married_Mid-Career
... < 100 DM,22,existing credits paid back duly till now,car (new),1381,500 <= ... < 1000 DM,1 <= ... < 4 years,3,female : divorced/separated/married,none,2,building society savings agreement/life insurance,Early-Middle,none,own,1,skilled employee/official,1,no,yes,34,0,female : divorced/separated/married_Early-Middle
... < 100 DM,38,delay in paying off in the past,radio/television,5163,... < 100 DM,1 <= ... < 4 years,3,male : married/widowed,none,2,building society savings agreement/life insurance,Young,none,own,1,management/self-employed/highly qualified employee/officer,1,no,yes,29,0,male : married/widowed_Young
... < 100 DM,12,existing credits paid back duly till now,car (new),1080,... < 100 DM,... >= 7 years,3,male : single,guarantor,3,car or other,Mid-Career,bank,own,2,skilled employee/official,1,no,yes,46,0,male : single_Mid-Career
... < 100 DM,26,critical account/other credits existing,others,3141,... < 100 DM,... >= 7 years,3,male : married/widowed,none,2,building society savings agreement/life insurance,Early-Middle,none,own,1,skilled employee/official,1,no,yes,31,0,male : married/widowed_Early-Middle
... < 100 DM,10,existing credits paid back duly till now,car (used),664,... >= 1000 DM,1 <= ... < 4 years,4,male : married/widowed,none,1,building society savings agreement/life insurance,Young,none,own,1,skilled employee/official,1,no,yes,23,0,male : married/widowed_Young
... < 100 DM,38,critical account/other credits existing,others,4290,... >= 1000 DM,... >= 7 years,1,female : divorced/separated/married,none,4,building society savings agreement/life insurance,Young,none,own,1,skilled employee/official,1,no,yes,23,0,female : divorced/separated/married_Young
... < 100 DM,20,existing credits paid back duly till now,furniture/equipment,2039,... < 100 DM,... >= 7 years,1,female : divorced/separated/married,none,2,car or other,Young,bank,own,1,skilled employee/official,1,no,yes,20,0,female : divorced/separated/married_Young
... < 100 DM,29,delay in paying off in the past,furniture/equipment,3460,... < 100 DM,... >= 7 years,3,male : married/widowed,guarantor,2,car or other,Mid-Career,none,own,1,skilled employee/official,1,no,yes,38,0,male : married/widowed_Mid-Career
... < 100 DM,15,existing credits paid back duly till now,car (new),3956,... < 100 DM,1 <= ... < 4 years,3,female : divorced/separated/married,none,2,building society savings agreement/life insurance,Mid-Career,none,own,1,skilled employee/official,1,yes,yes,29,0,female : divorced/separated/married_Mid-Career
... < 100 DM,20,delay in paying off in the past,car (new),996,... < 100 DM,... < 1 year,2,female : divorced/separated/married,none,2,car or other,Mid-Career,none,own,1,unemployed/unskilled - non-resident,1,no,yes,33,0,female : divorced/separated/married_Mid-Career
0 <= ... < 200 DM,12,existing credits paid back duly till now,repairs,720,... < 100 DM,... < 1 year,4,male : married/widowed,none,3,car or other,Late-Career,bank,own,1,unskilled - resident,1,no,yes,39,0,male : married/widowed_Late-Career
... >= 200 DM / salary for at least 1 year,34,existing credits paid back duly till now,domestic appliances,4213,... < 100 DM,1 <= ... < 4 years,3,male : single,none,2,car or other,Mid-Career,none,own,1,skilled employee/official,1,no,yes,27,0,male : single_Mid-Career
0 <= ... < 200 DM,36,critical account/other credits existing,domestic appliances,5186,... < 100 DM,4 <= ... < 7 years,3,male : divorced/separated,none,2,car or other,Young,none,own,1,management/self-employed/highly qualified employee/officer,1,no,yes,28,0,male : divorced/separated_Young
... >= 200 DM / salary for at least 1 year,11,all credits at this bank paid back duly,car (used),5133,... < 100 DM,... >= 7 years,2,female : divorced/separated/married,none,3,real estate,Late-Career,bank,for free,1,management/self-employed/highly qualified employee/officer,1,no,yes,69,0,female : divorced/separated/married_Late-Career
... >= 200 DM / salary for at least 1 year,12,existing credits paid back duly till now,domestic appliances,1332,... < 100 DM,... < 1 year,2,male : married/widowed,none,1,car or other,Young,none,own,1,skilled employee/official,1,no,yes,22,0,male : married/widowed_Young
... < 100 DM,25,existing credits paid back duly till now,radio/television,2373,... >= 1000 DM,4 <= ... < 7 years,1,female : divorced/separated/married,none,1,building society savings agreement/life insurance,Early-Middle,none,own,1,skilled employee/official,1,no,yes,29,0,female : divorced/separated/married_Early-Middle
... < 100 DM,9,existing credits paid back duly till now,car (used),1366,... < 100 DM,... < 1 year,3,female : divorced/separated/married,none,3,building society savings agreement/life insurance,Mid-Career,none,own,1,skilled employee/official,1,no,yes,22,0,female : divorced/separated/married_Mid-Career
0 <= ... < 200 DM,31,existing credits paid back duly till now,others,3355,... < 100 DM,... >= 7 years,3,female : divorced/separated/married,none,2,car or other,Mid-Career,none,for free,1,management/self-employed/highly qualified employee/officer,1,yes,yes,29,0,female : divorced/separated/married_Mid-Career
... < 100 DM,6,existing credits paid back duly till now,car (new),14886,... < 100 DM,... >= 7 years,1,male : single,none,3,unknown/no property,Late-Career,bank,for free,1,management/self-employed/highly qualified employee/officer,1,yes,yes,67,0,male : single_Late-Career
... >= 200 DM / salary for at least 1 year,36,existing credits paid back duly till now,others,1958,... < 100 DM,... >= 7 years,4,male : single,none,4,unknown/no property,Early-Middle,none,for free,1,management/self-employed/highly qualified employee/officer,1,yes,yes,56,0,male : single_Early-Middle
0 <= ... < 200 DM,48,critical account/other credits existing,car (new),10159,100 <= ... < 500 DM,1 <= ... < 4 years,2,male : single,none,2,unknown/no property,Late-Career,bank,for free,1,skilled employee/official,1,no,yes,43,0,male : single_Late-Career
... >= 200 DM / salary for at least 1 year,21,existing credits paid back duly till now,car (new),1351,... < 100 DM,... < 1 year,3,female : divorced/separated/married,none,3,car or other,Young,bank,own,1,unemployed/unskilled - non-resident,1,no,yes,25,0,female : divorced/separated/married_Young
... >= 200 DM / salary for at least 1 year,13,critical account/other credits existing,domestic appliances,1272,... >= 1000 DM,1 <= ... < 4 years,2,male : divorced/separated,none,2,building society savings agreement/life insurance,Young,none,rent,1,skilled employee/official,1,no,yes,22,0,male : divorced/separated_Young
0 <= ... < 200 DM,31,existing credits paid back duly till now,domestic appliances,2388,... >= 1000 DM,... < 1 year,3,male : single,none,1,real estate,Early-Middle,bank,own,1,unemployed/unskilled - non-resident,1,no,yes,33,0,male : single_Early-Middle
... < 100 DM,18,existing credits paid back duly till now,radio/television,2469,... < 100 DM,4 <= ... < 7 years,4,male : married/widowed,none,1,car or other,Young,none,own,1,skilled employee/official,1,no,yes,24,0,male : married/widowed_Young
... >= 200 DM / salary for at least 1 year,9,existing credits paid back duly till now,domestic appliances,1336,... < 100 DM,... < 1 year,3,male : single,none,1,car or other,Early-Middle,none,own,1,management/self-employed/highly qualified employee/officer,1,no,yes,33,0,male : single_Early-Middle
... < 100 DM,13,existing credits paid back duly till now,others,1282,... < 100 DM,1 <= ... < 4 years,2,female : divorced/separated/married,none,3,car or other,Mid-Career,none,own,1,skilled employee/official,1,no,yes,21,0,female : divorced/separated/married_Mid-Career
0 <= ... < 200 DM,24,delay in paying off in the past,furniture/equipment,2057,... < 100 DM,1 <= ... < 4 years,2,female : divorced/separated/married,none,1,building society savings agreement/life insurance,Early-Middle,none,own,1,management/self-employed/highly qualified employee/officer,1,yes,yes,30,0,female : divorced/separated/married_Early-Middle
... >= 200 DM / salary for at least 1 year,24,existing credits paid back duly till now,car (used),11566,... < 100 DM,... >= 7 years,1,female : divorced/separated/married,none,3,car or other,Mid-Career,none,own,1,management/self-employed/highly qualified employee/officer,1,no,yes,23,0,female : divorced/separated/married_Mid-Career
0 <= ... < 200 DM,48,delay in paying off in the past,retraining,6228,... < 100 DM,... >= 7 years,4,male : single,none,4,unknown/no property,Mid-Career,none,for free,1,skilled employee/official,1,no,yes,49,0,male : single_Mid-Career
... >= 200 DM / salary for at least 1 year,16,delay in paying off in the past,domestic appliances,2579,... >= 1000 DM,... < 1 year,4,male : single,none,1,real estate,Early-Middle,bank,own,1,unskilled - resident,2,no,yes,36,0,male : single_Early-Middle
... < 100 DM,18,critical account/other credits existing,car (new),4857,... < 100 DM,... >= 7 years,3,male : single,guarantor,4,car or other,Mid-Career,none,for free,2,skilled employee/official,1,no,yes,48,0,male : single_Mid-Career
... < 100 DM,39,existing credits paid back duly till now,radio/television,6330,100 <= ... < 500 DM,... >= 7 years,4,male : single,none,4,building society savings agreement/life insurance,Early-Middle,none,for free,1,skilled employee/official,1,no,yes,34,0,male : single_Early-Middle
... >= 200 DM / salary for at least 1 year,17,delay in paying off in the past,education,2579,... >= 1000 DM,... < 1 year,4,male : single,none,1,real estate,Late-Career,bank,own,1,unskilled - resident,2,no,yes,37,0,male : single_Late-Career
... < 100 DM,15,critical account/other credits existing,car (used),1271,unknown/no savings account,1 <= ... < 4 years,3,male : married/widowed,none,4,unknown/no property,Early-Middle,none,for free,1,skilled employee/official,1,no,yes,38,0,male : married/widowed_Early-Middle
... < 100 DM,57,critical account/other credits existing,furniture/equipment,6836,... < 100 DM,... >= 7 years,2,male : single,none,3,real estate,Early-Middle,none,own,1,management/self-employed/highly qualified employee/officer,1,yes,yes,61,0,male : single_Early-Middle
0 <= ... < 200 DM,46,existing credits paid back duly till now,furniture/equipment,3899,500 <= ... < 1000 DM,1 <= ... < 4 years,4,female : divorced/separated/married,none,1,car or other,Early-Middle,bank,own,1,skilled employee/official,1,no,yes,38,0,female : divorced/separated/married_Early-Middle
... < 100 DM,22,existing credits paid back duly till now,domestic appliances,2317,... < 100 DM,... < 1 year,2,female : divorced/separated/married,none,3,car or other,Late-Career,none,own,1,unemployed/unskilled - non-resident,1,no,yes,27,0,female : divorced/separated/married_Late-Career
... < 100 DM,9,existing credits paid back duly till now,car (new),651,... < 100 DM,1 <= ... < 4 years,4,male : single,none,2,car or other,Young,none,own,1,unemployed/unskilled - non-resident,1,no,yes,28,0,male : single_Young
... < 100 DM,21,existing credits paid back duly till now,car (new),947,... < 100 DM,1 <= ... < 4 years,4,male : single,none,3,real estate,Early-Middle,bank,for free,1,skilled employee/official,2,no,yes,36,0,male : single_Early-Middle
0 <= ... < 200 DM,15,critical account/other credits existing,radio/television,1925,... < 100 DM,... < 1 year,2,male : single,none,2,car or other,Early-Middle,none,own,1,unskilled - resident,1,no,yes,33,0,male : single_Early-Middle
0 <= ... < 200 DM,40,existing credits paid back duly till now,domestic appliances,3023,... >= 1000 DM,... >= 7 years,4,male : married/widowed,guarantor,3,building society savings agreement/life insurance,Young,none,rent,1,skilled employee/official,1,no,yes,21,0,male : married/widowed_Young
0 <= ... < 200 DM,23,existing credits paid back duly till now,car (new),6760,500 <= ... < 1000 DM,1 <= ... < 4 years,2,male : married/widowed,none,3,car or other,Early-Middle,none,own,1,skilled employee/official,1,no,yes,61,0,male : married/widowed_Early-Middle
... >= 200 DM / salary for at least 1 year,13,delay in paying off in the past,car (used),1476,500 <= ... < 1000 DM,1 <= ... < 4 years,2,male : married/widowed,none,1,real estate,Mid-Career,none,for free,1,skilled employee/official,1,no,yes,26,0,male : married/widowed_Mid-Career
0 <= ... < 200 DM,32,delay in paying off in the past,car (used),11571,... < 100 DM,1 <= ... < 4 years,1,female : divorced/separated/married,none,4,car or other,Young,bank,rent,2,skilled employee/official,1,no,yes,23,0,female : divorced/separated/married_Young
... < 100 DM,28,existing credits paid back duly till now,car (new),4821,... < 100 DM,4 <= ... < 7 years,2,male : single,co-applicant,2,building society savings agreement/life insurance,Early-Middle,bank,own,1,management/self-employed/highly qualified employee/officer,1,yes,yes,31,0,male : single_Early-Middle
... >= 200 DM / salary for at least 1 year,37,existing credits paid back duly till now,car (used),6759,... >= 1000 DM,1 <= ... < 4 years,2,male : divorced/separated,none,2,car or other,Early-Middle,none,own,1,skilled employee/official,1,no,yes,43,0,male : divorced/separated_Early-Middle
... < 100 DM,14,existing credits paid back duly till now,car (new),903,unknown/no savings account,... >= 7 years,4,male : divorced/separated,none,2,car or other,Young,bank,own,1,skilled employee/official,1,no,yes,24,0,male : divorced/separated_Young
... >= 200 DM / salary for at least 1 year,25,delay in paying off in the past,others,1911,... < 100 DM,... >= 7 years,4,male : single,none,3,car or other,Early-Middle,none,own,1,management/self-employed/highly qualified employee/officer,1,no,yes,58,0,male : single_Early-Middle
... < 100 DM,20,existing credits paid back duly till now,domestic appliances,3172,... < 100 DM,... >= 7 years,2,female : divorced/separated/married,none,2,car or other,Mid-Career,none,own,1,skilled employee/official,1,no,yes,25,0,female : divorced/separated/married_Mid-Career
... < 100 DM,19,existing credits paid back duly till now,car (new),909,unknown/no savings account,... >= 7 years,4,female : divorced/separated/married,none,2,car or other,Young,bank,own,1,skilled employee/official,1,no,yes,26,0,female : divorced/separated/married_Young
... >= 200 DM / salary for at least 1 year,24,existing credits paid back duly till now,others,4242,... < 100 DM,1 <= ... < 4 years,1,male : married/widowed,none,4,car or other,Early-Middle,none,own,2,unemployed/unskilled - non-resident,1,no,yes,35,0,male : married/widowed_Early-Middle
... < 100 DM,15,existing credits paid back duly till now,car (new),1220,... < 100 DM,... < 1 year,4,female : divorced/separated/married,none,2,car or other,Young,none,own,1,skilled employee/official,1,no,yes,23,0,female : divorced/separated/married_Young
... >= 200 DM / salary for at least 1 year,24,critical account/other credits existing,furniture/equipment,3575,... < 100 DM,1 <= ... < 4 years,2,male : single,none,4,car or other,Late-Career,bank,own,1,skilled employee/official,1,no,yes,28,0,male : single_Late-Career
0 <= ... < 200 DM,49,critical account/other credits existing,car (new),7434,100 <= ... < 500 DM,... >= 7 years,4,female : divorced/separated/married,none,1,building society savings agreement/life insurance,Mid-Career,bank,own,1,management/self-employed/highly qualified employee/officer,1,no,yes,33,0,female : divorced/separated/married_Mid-Career
... < 100 DM,19,delay in paying off in the past,car (new),1332,... < 100 DM,1 <= ... < 4 years,3,male : single,none,1,car or other,Mid-Career,none,for free,1,skilled employee/official,1,no,yes,34,0,male : single_Mid-Career
... < 100 DM,20,existing credits paid back duly till now,education,1282,... >= 1000 DM,1 <= ... < 4 years,3,female : divorced/separated/married,none,2,car or other,Early-Middle,none,own,1,unemployed/unskilled - non-resident,1,no,yes,28,0,female : divorced/separated/married_Early-Middle
... < 100 DM,27,existing credits paid back duly till now,domestic appliances,11848,... < 100 DM,... < 1 year,1,female : divorced/separated/married,none,2,real estate,Late-Career,none,own,1,skilled employee/official,1,no,yes,30,0,female : divorced/separated/married_Late-Career
0 <= ... < 200 DM,21,delay in paying off in the past,car (new),1250,... < 100 DM,... < 1 year,3,male : married/widowed,none,2,car or other,Young,none,own,1,unemployed/unskilled - non-resident,1,no,yes,23,0,male : married/widowed_Young
... >= 200 DM / salary for at least 1 year,33,existing credits paid back duly till now,car (new),14458,... < 100 DM,1 <= ... < 4 years,2,male : single,none,2,unknown/no property,Mid-Career,bank,own,1,management/self-employed/highly qualified employee/officer,1,yes,yes,47,0,male : single_Mid-Career
... >= 200 DM / salary for at least 1 year,45,delay in paying off in the past,education,5965,... < 100 DM,1 <= ... < 4 years,2,female : divorced/separated/married,none,2,real estate,Young,bank,own,1,skilled employee/official,1,no,yes,23,0,female : divorced/separated/married_Young
0 <= ... < 200 DM,26,delay in paying off in the past,car (new),5153,... >= 1000 DM,4 <= ... < 7 years,2,male : divorced/separated,none,2,building society savings agreement/life insurance,Young,bank,own,2,management/self-employed/highly qualified employee/officer,1,no,yes,28,0,male : divorced/separated_Young
0 <= ... < 200 DM,19,delay in paying off in the past,furniture/equipment,2172,... < 100 DM,... >= 7 years,4,male : married/widowed,none,2,car or other,Mid-Career,bank,for free,1,skilled employee/official,1,yes,yes,29,0,male : married/widowed_Mid-Career
... < 100 DM,48,all credits at this bank paid back duly,furniture/equipment,7688,... < 100 DM,1 <= ... < 4 years,2,female : divorced/separated/married,guarantor,4,car or other,Early-Middle,bank,own,1,management/self-employed/highly qualified employee/officer,1,no,yes,37,0,female : divorced/separated/married_Early-Middle
... >= 200 DM / salary for at least 1 year,24,existing credits paid back duly till now,furniture/equipment,2374,100 <= ... < 500 DM,1 <= ... < 4 years,1,male : divorced/separated,none,1,building society savings agreement/life insurance,Early-Middle,bank,own,1,skilled employee/official,1,no,yes,33,0,male : divorced/separated_Early-Middle
... >= 200 DM / salary for at least 1 year,24,existing credits paid back duly till now,domestic appliances,3092,... >= 1000 DM,... < 1 year,2,male : divorced/separated,none,2,building society savings agreement/life insurance,Mid-Career,none,own,1,skilled employee/official,1,no,yes,22,0,male : divorced/separated_Mid-Career
... < 100 DM,10,critical account/other credits existing,car (used),638,... < 100 DM,1 <= ... < 4 years,4,male : divorced/separated,none,3,car or other,Young,bank,own,1,unskilled - resident,1,no,yes,25,0,male : divorced/separated_Young
... < 100 DM,41,existing credits paid back duly till now,car (used),1843,... < 100 DM,... >= 7 years,4,male : divorced/separated,none,4,real estate,Late-Career,none,for free,1,skilled employee/official,1,yes,yes,27,0,male : divorced/separated_Late-Career
... >= 200 DM / salary for at least 1 year,24,delay in paying off in the past,domestic appliances,1903,... >= 1000 DM,... < 1 year,4,male : divorced/separated,none,3,real estate,Young,none,own,2,management/self-employed/highly qualified employee/officer,1,no,yes,27,0,male : divorced/separated_Young
... < 100 DM,15,existing credits paid back duly till now,car (used),1368,... >= 1000 DM,... < 1 year,3,female : divorced/separated/married,none,4,building society savings agreement/life insurance,Young,none,rent,1,skilled employee/official,1,no,yes,23,0,female : divorced/separated/married_Young
... < 100 DM,16,all credits at this bank paid back duly,car (new),1453,... >= 1000 DM,1 <= ... < 4 years,3,male : married/widowed,none,3,real estate,Early-Middle,none,for free,1,unemployed/unskilled - non-resident,1,no,yes,30,0,male : married/widowed_Early-Middle
0 <= ... < 200 DM,36,delay in paying off in the past,car (used),9420,... < 100 DM,... < 1 year,1,male : divorced/separated,none,3,car or other,Young,none,own,1,management/self-employed/highly qualified employee/officer,1,no,yes,28,0,male : divorced/separated_Young
... < 100 DM,13,existing credits paid back duly till now,education,732,... >= 1000 DM,... >= 7 years,4,male : divorced/separated,none,2,real estate,Early-Middle,none,own,1,unemployed/unskilled - non-resident,1,no,yes,31,0,male : divorced/separated_Early-Middle
... >= 200 DM / salary for at least 1 year,15,critical account/other credits existing,business,891,... < 100 DM,... >= 7 years,4,male : married/widowed,none,4,building society savings agreement/life insurance,Late-Career,bank,own,1,skilled employee/official,1,no,yes,29,0,male : married/widowed_Late-Career
0 <= ... < 200 DM,45,critical account/other credits existing,car (used),11644,... >= 1000 DM,... >= 7 years,1,female : divorced/separated/married,none,3,car or other,Mid-Career,bank,own,1,unskilled - resident,1,no,yes,25,0,female : divorced/separated/married_Mid-Career
... < 100 DM,22,critical account/other credits existing,car (used),1653,... >= 1000 DM,... < 1 year,4,male : divorced/separated,none,2,building society savings agreement/life insurance,Late-Career,none,own,1,unskilled - resident,1,no,yes,33,0,male : divorced/separated_Late-Career
... < 100 DM,11,existing credits paid back duly till now,car (used),904,500 <= ... < 1000 DM,1 <= ... < 4 years,4,male : divorced/separated,none,1,building society savings agreement/life insurance,Young,none,own,1,skilled employee/official,1,no,yes,24,0,male : divorced/separated_Young
... < 100 DM,35,all credits at this bank paid back duly,others,6860,... < 100 DM,... < 1 year,2,male : divorced/separated,none,1,building society savings agreement/life insurance,Late-Career,bank,own,1,skilled employee/official,1,yes,yes,57,0,male : divorced/separated_Late-Career
0 <= ... < 200 DM,36,existing credits paid back duly till now,education,3014,... >= 1000 DM,... >= 7 years,4,male : married/widowed,guarantor,3,building society savings agreement/life insurance,Young,none,rent,1,skilled employee/official,1,no,yes,22,0,male : married/widowed_Young
0 <= ... < 200 DM,25,all credits at this bank paid back duly,car (new),6427,... < 100 DM,... >= 7 years,2,male : single,none,4,unknown/no property,Early-Middle,bank,for free,2,management/self-employed/highly qualified employee/officer,1,yes,yes,40,0,male : single_Early-Middle
... < 100 DM,13,existing credits paid back duly till now,domestic appliances,950,... < 100 DM,... < 1 year,4,male : divorced/separated,none,3,car or other,Late-Career,bank,rent,2,skilled employee/official,1,no,yes,30,0,male : divorced/separated_Late-Career
... < 100 DM,18,delay in paying off in the past,car (new),1332,... < 100 DM,1 <= ... < 4 years,3,male : single,none,1,car or other,Mid-Career,none,for free,1,skilled employee/official,1,no,yes,33,0,male : single_Mid-Career
0 <= ... < 200 DM,13,critical account/other credits existing,education,1515,... < 100 DM,... >= 7 years,2,male : divorced/separated,none,2,building society savings agreement/life insurance,Early-Middle,bank,own,2,management/self-employed/highly qualified employee/officer,1,no,yes,32,0,male : divorced/separated_Early-Middle
... < 100 DM,11,critical account/other credits existing,radio/television,1194,... < 100 DM,... >= 7 years,3,female : divorced/separated/married,none,4,car or other,Early-Middle,none,for free,1,skilled employee/official,1,no,yes,36,0,female : divorced/separated/married_Early-Middle
... >= 200 DM / salary for at least 1 year,6,all credits at this bank paid back duly,retraining,437,... < 100 DM,... < 1 year,4,female : divorced/separated/married,none,2,building society savings agreement/life insurance,Young,bank,own,1,skilled employee/official,1,no,yes,23,0,female : divorced/separated/married_Young
... < 100 DM,29,existing credits paid back duly till now,others,2409,... < 100 DM,1 <= ... < 4 years,4,female : divorced/separated/married,none,4,real estate,Mid-Career,none,own,1,skilled employee/official,1,no,yes,24,0,female : divorced/separated/married_Mid-Career
... < 100 DM,23,critical account/other credits existing,car (new),1344,500 <= ... < 1000 DM,1 <= ... < 4 years,4,male : married/widowed,none,2,real estate,Early-Middle,bank,own,1,unemployed/unskilled - non-resident,1,no,yes,36,0,male : married/widowed_Early-Middle
0 <= ... < 200 DM,12,critical account/other credits existing,domestic appliances,1554,... < 100 DM,... >= 7 years,4,male : single,guarantor,4,real estate,Mid-Career,bank,for free,1,skilled employee/official,1,no,yes,53,0,male : single_Mid-Career
... < 100 DM,30,existing credits paid back duly till now,car (new),3999,... < 100 DM,... >= 7 years,3,male : single,none,2,car or other,Late-Career,none,own,1,unemployed/unskilled - non-resident,1,no,yes,43,0,male : single_Late-Career
... < 100 DM,24,critical account/other credits existing,car (used),3136,... < 100 DM,... < 1 year,4,male : divorced/separated,none,1,building society savings agreement/life insurance,Late-Career,none,own,1,skilled employee/official,1,no,yes,28,0,male : divorced/separated_Late-Career
... < 100 DM,24,existing credits paid back duly till now,car (new),2302,... < 100 DM,... >= 7 years,4,male : married/widowed,co-applicant,1,car or other,Late-Career,none,own,1,skilled employee/official,1,no,yes,44,0,male : married/widowed_Late-Career
... < 100 DM,46,delay in paying off in the past,furniture/equipment,4328,... < 100 DM,... < 1 year,3,female : divorced/separated/married,none,3,building society savings agreement/life insurance,Young,bank,own,1,skilled employee/official,1,no,yes,24,0,female : divorced/separated/married_Young
... < 100 DM,28,existing credits paid back duly till now,car (new),1838,... < 100 DM,... < 1 year,3,female : divorced/separated/married,none,3,car or other,Late-Career,none,own,1,skilled employee/official,1,yes,yes,29,0,female : divorced/separated/married_Late-Career
... >= 200 DM / salary for at least 1 year,36,existing credits paid back duly till now,domestic appliances,4830,... < 100 DM,4 <= ... < 7 years,2,male : single,guarantor,2,building society savings agreement/life insurance,Early-Middle,bank,own,1,management/self-employed/highly qualified employee/officer,1,yes,yes,32,0,male : single_Early-Middle
... < 100 DM,6,delay in paying off in the past,repairs,461,... < 100 DM,... < 1 year,4,female : divorced/separated/married,none,3,building society savings agreement/life insurance,Young,none,own,1,skilled employee/official,1,no,yes,23,0,female : divorced/separated/married_Young
no checking account,21,delay in paying off in the past,furniture/equipment,2576,100 <= ... < 500 DM,... < 1 year,4,male : single,none,2,car or other,Mid-Career,bank,own,1,unskilled - resident,2,no,yes,41,0,male : single_Mid-Career
... >= 200 DM / salary for at least 1 year,32,critical account/other credits existing,furniture/equipment,8365,... >= 1000 DM,1 <= ... < 4 years,2,male : single,none,2,car or other,Mid-Career,none,for free,1,skilled employee/official,1,no,yes,48,0,male : single_Mid-Career
... < 100 DM,26,existing credits paid back duly till now,education,2424,... < 100 DM,... >= 7 years,4,female : divorced/separated/married,none,4,real estate,Late-Career,none,own,1,skilled employee/official,1,no,yes,29,0,female : divorced/separated/married_Late-Career
... < 100 DM,12,all credits at this bank paid back duly,domestic appliances,622,... < 100 DM,... >= 7 years,4,female : divorced/separated/married,none,3,real estate,Young,bank,own,1,unemployed/unskilled - non-resident,1,no,yes,24,0,female : divorced/separated/married_Young
... < 100 DM,48,existing credits paid back duly till now,car (used),10278,... < 100 DM,1 <= ... < 4 years,3,male : married/widowed,none,3,real estate,Early-Middle,none,for free,2,skilled employee/official,1,yes,yes,38,0,male : married/widowed_Early-Middle
... < 100 DM,19,all credits at this bank paid back duly,car (new),1442,... < 100 DM,4 <= ... < 7 years,4,male : married/widowed,none,4,real estate,Early-Middle,none,for free,2,unemployed/unskilled - non-resident,1,no,yes,30,0,male : married/widowed_Early-Middle
... < 100 DM,23,all credits at this bank paid back duly,radio/television,3536,... < 100 DM,1 <= ... < 4 years,2,male : single,none,3,building society savings agreement/life insurance,Young,bank,own,1,skilled employee/official,1,no,yes,26,0,male : single_Young
... < 100 DM,36,critical account/other credits existing,car (used),9613,... < 100 DM,1 <= ... < 4 years,3,male : married/widowed,none,4,car or other,Young,none,own,1,management/self-employed/highly qualified employee/officer,1,yes,yes,24,0,male : married/widowed_Young
... < 100 DM,18,delay in paying off in the past,radio/television,2039,... < 100 DM,1 <= ... < 4 years,1,female : divorced/separated/married,none,3,car or other,Mid-Career,bank,own,1,management/self-employed/highly qualified employee/officer,1,no,yes,20,0,female : divorced/separated/married_Mid-Career
... < 100 DM,12,existing credits paid back duly till now,car (new),1082,... < 100 DM,1 <= ... < 4 years,4,male : married/widowed,none,4,car or other,Mid-Career,bank,own,1,skilled employee/official,1,no,yes,47,0,male : married/widowed_Mid-Career
... >= 200 DM / salary for at least 1 year,24,all credits at this bank paid back duly,repairs,1837,... < 100 DM,1 <= ... < 4 years,4,female : divorced/separated/married,none,4,real estate,Early-Middle,bank,for free,1,unemployed/unskilled - non-resident,1,no,yes,34,0,female : divorced/separated/married_Early-Middle
0 <= ... < 200 DM,34,critical account/other credits existing,car (used),8164,... >= 1000 DM,... >= 7 years,2,male : single,none,3,building society savings agreement/life insurance,Mid-Career,none,own,3,management/self-employed/highly qualified employee/officer,1,no,yes,43,0,male : single_Mid-Career
... < 100 DM,24,critical account/other credits existing,car (used),1365,unknown/no savings account,... >= 7 years,4,male : divorced/separated,none,3,car or other,Late-Career,none,own,1,management/self-employed/highly qualified employee/officer,1,no,yes,31,0,male : divorced/separated_Late-Career
... < 100 DM,22,existing credits paid back duly till now,furniture/equipment,7834,... < 100 DM,... >= 7 years,4,male : single,none,4,unknown/no property,Mid-Career,bank,for free,1,management/self-employed/highly qualified employee/officer,1,no,yes,49,0,male : single_Mid-Career
... < 100 DM,17,existing credits paid back duly till now,others,1129,... < 100 DM,4 <= ... < 7 years,4,female : divorced/separated/married,none,2,car or other,Early-Middle,bank,own,1,skilled employee/official,1,no,yes,33,0,female : divorced/separated/married_Early-Middle
... < 100 DM,24,all credits at this bank paid back duly,domestic appliances,1365,unknown/no savings account,... >= 7 years,4,male : married/widowed,none,2,building society savings agreement/life insurance,Early-Middle,none,own,1,management/self-employed/highly qualified employee/officer,1,no,yes,38,0,male : married/widowed_Early-Middle
... < 100 DM,22,delay in paying off in the past,car (new),4821,... < 100 DM,1 <= ... < 4 years,2,male : single,co-applicant,3,building society savings agreement/life insurance,Early-Middle,none,own,1,skilled employee/official,1,yes,yes,32,0,male : single_Early-Middle
... < 100 DM,21,critical account/other credits existing,car (new),3965,... < 100 DM,... < 1 year,1,female : divorced/separated/married,none,3,car or other,Early-Middle,bank,own,2,skilled employee/official,1,no,yes,33,0,female : divorced/separated/married_Early-Middle
... >= 200 DM / salary for at least 1 year,21,existing credits paid back duly till now,car (new),948,... < 100 DM,1 <= ... < 4 years,3,male : married/widowed,none,2,real estate,Early-Middle,bank,for free,1,skilled employee/official,1,no,no,36,0,male : married/widowed_Early-Middle
... < 100 DM,33,delay in paying off in the past,domestic appliances,2147,... < 100 DM,1 <= ... < 4 years,2,male : divorced/separated,guarantor,1,car or other,Young,bank,own,1,skilled employee/official,1,no,yes,24,0,male : divorced/separated_Young
... < 100 DM,21,all credits at this bank paid back duly,car (new),1649,500 <= ... < 1000 DM,... >= 7 years,4,male : married/widowed,none,2,building society savings agreement/life insurance,Early-Middle,none,own,1,unskilled - resident,1,no,yes,37,0,male : married/widowed_Early-Middle
... >= 200 DM / salary for at least 1 year,14,critical account/other credits existing,education,1541,... < 100 DM,... < 1 year,2,male : married/widowed,none,1,car or other,Mid-Career,bank,own,1,skilled employee/official,1,no,yes,31,0,male : married/widowed_Mid-Career
... < 100 DM,44,existing credits paid back duly till now,car (new),7735,... < 100 DM,... >= 7 years,3,male : single,none,4,real estate,Mid-Career,bank,for free,1,management/self-employed/highly qualified employee/officer,1,no,yes,42,0,male : single_Mid-Career
0 <= ... < 200 DM,24,critical account/other credits existing,others,8609,... < 100 DM,... < 1 year,2,male : single,none,2,building society savings agreement/life insurance,Mid-Career,bank,own,1,skilled employee/official,1,no,yes,30,0,male : single_Mid-Career
... < 100 DM,12,all credits at this bank paid back duly,others,1193,... < 100 DM,1 <= ... < 4 years,2,female : divorced/separated/married,none,4,unknown/no property,Late-Career,none,for free,2,skilled employee/official,1,no,yes,45,0,female : divorced/separated/married_Late-Career
... < 100 DM,43,all credits at this bank paid back duly,furniture/equipment,7638,... < 100 DM,4 <= ... < 7 years,2,female : divorced/separated/married,guarantor,3,car or other,Early-Middle,bank,own,1,management/self-employed/highly qualified employee/officer,1,no,yes,40,0,female : divorced/separated/married_Early-Middle
... < 100 DM,23,delay in paying off in the past,furniture/equipment,6114,... < 100 DM,1 <= ... < 4 years,4,male : single,none,2,car or other,Young,bank,own,1,skilled employee/official,1,yes,yes,27,0,male : single_Young
... >= 200 DM / salary for at least 1 year,12,all credits at this bank paid back duly,car (used),5135,... < 100 DM,... >= 7 years,2,female : divorced/separated/married,none,3,real estate,Late-Career,bank,for free,1,management/self-employed/highly qualified employee/officer,1,no,yes,67,0,female : divorced/separated/married_Late-Career
0 <= ... < 200 DM,24,no credits taken/all credits paid back duly,others,4245,... < 100 DM,1 <= ... < 4 years,1,male : married/widowed,none,4,car or other,Early-Middle,none,own,2,unskilled - resident,1,no,yes,34,0,male : married/widowed_Early-Middle
0 <= ... < 200 DM,14,existing credits paid back duly till now,others,2763,500 <= ... < 1000 DM,... >= 7 years,1,female : divorced/separated/married,none,2,building society savings agreement/life insurance,Mid-Career,bank,own,1,skilled employee/official,1,no,yes,33,0,female : divorced/separated/married_Mid-Career
... < 100 DM,29,existing credits paid back duly till now,others,3109,... < 100 DM,... < 1 year,2,female : divorced/separated/married,none,3,building society savings agreement/life insurance,Early-Middle,none,own,1,unemployed/unskilled - non-resident,1,no,yes,30,0,female : divorced/separated/married_Early-Middle
0 <= ... < 200 DM,15,delay in paying off in the past,domestic appliances,2283,... >= 1000 DM,... >= 7 years,3,male : divorced/separated,none,2,car or other,Mid-Career,none,own,2,management/self-employed/highly qualified employee/officer,1,no,yes,33,0,male : divorced/separated_Mid-Career
... >= 200 DM / salary for at least 1 year,12,existing credits paid back duly till now,business,892,... < 100 DM,... >= 7 years,4,male : married/widowed,none,4,building society savings agreement/life insurance,Mid-Career,bank,own,1,unemployed/unskilled - non-resident,1,no,yes,33,0,male : married/widowed_Mid-Career
... >= 200 DM / salary for at least 1 year,11,existing credits paid back duly till now,domestic appliances,643,... < 100 DM,1 <= ... < 4 years,4,male : single,none,2,car or other,Young,none,own,1,skilled employee/official,1,no,yes,29,0,male : single_Young
0 <= ... < 200 DM,18,critical account/other credits existing,radio/television,1926,... >= 1000 DM,... < 1 year,2,male : divorced/separated,none,2,real estate,Late-Career,none,own,1,unemployed/unskilled - non-resident,1,no,yes,29,0,male : divorced/separated_Late-Career
0 <= ... < 200 DM,24,existing credits paid back duly till now,furniture/equipment,2992,... < 100 DM,... < 1 year,4,male : divorced/separated,guarantor,3,building society savings agreement/life insurance,Young,none,rent,1,skilled employee/official,1,no,yes,23,0,male : divorced/separated_Young
... >= 200 DM / salary for at least 1 year,27,existing credits paid back duly till now,car (new),14488,... < 100 DM,... >= 7 years,3,male : single,none,2,unknown/no property,Late-Career,bank,for free,1,management/self-employed/highly qualified employee/officer,1,yes,yes,60,0,male : single_Late-Career
... < 100 DM,24,all credits at this bank paid back duly,furniture/equipment,3143,... < 100 DM,... >= 7 years,3,male : married/widowed,none,2,building society savings agreement/life insurance,Early-Middle,none,rent,1,skilled employee/official,1,yes,yes,28,0,male : married/widowed_Early-Middle
... < 100 DM,27,existing credits paid back duly till now,radio/television,3346,... < 100 DM,... >= 7 years,4,male : married/widowed,none,2,building society savings agreement/life insurance,Early-Middle,none,own,1,management/self-employed/highly qualified employee/officer,1,yes,yes,35,0,male : married/widowed_Early-Middle
... < 100 DM,34,existing credits paid back duly till now,domestic appliances,1840,... < 100 DM,1 <= ... < 4 years,3,male : divorced/separated,none,3,real estate,Young,none,for free,1,skilled employee/official,1,yes,yes,23,0,male : divorced/separated_Young
... < 100 DM,39,existing credits paid back duly till now,furniture/equipment,11692,... < 100 DM,... >= 7 years,2,male : single,guarantor,3,car or other,Young,bank,own,2,management/self-employed/highly qualified employee/officer,1,no,yes,29,0,male : single_Young
... < 100 DM,12,existing credits paid back duly till now,education,1278,... < 100 DM,... >= 7 years,2,female : divorced/separated/married,none,2,car or other,Late-Career,none,own,1,skilled employee/official,1,no,yes,26,0,female : divorced/separated/married_Late-Career
... >= 200 DM / salary for at least 1 year,12,existing credits paid back duly till now,education,1228,... < 100 DM,... >= 7 years,3,female : divorced/separated/married,none,3,car or other,Young,none,own,1,skilled employee/official,1,no,yes,23,0,female : divorced/separated/married_Young
... < 100 DM,11,existing credits paid back duly till now,domestic appliances,731,... >= 1000 DM,... < 1 year,3,male : divorced/separated,none,2,real estate,Early-Middle,none,own,1,unskilled - resident,1,no,yes,31,0,male : divorced/separated_Early-Middle
0 <= ... < 200 DM,20,delay in paying off in the past,others,1922,500 <= ... < 1000 DM,... < 1 year,4,female : divorced/separated/married,none,3,real estate,Young,none,own,1,management/self-employed/highly qualified employee/officer,1,no,yes,27,0,female : divorced/separated/married_Young
... < 100 DM,28,existing credits paid back duly till now,others,2411,... < 100 DM,1 <= ... < 4 years,4,female : divorced/separated/married,none,4,real estate,Mid-Career,none,own,1,skilled employee/official,1,no,yes,25,0,female : divorced/separated/married_Mid-Career
... < 100 DM,19,all credits at this bank paid back duly,furniture/equipment,1580,... < 100 DM,... >= 7 years,4,male : married/widowed,none,2,car or other,Mid-Career,bank,own,1,skilled employee/official,1,no,yes,40,0,male : married/widowed_Mid-Career
... < 100 DM,20,all credits at this bank paid back duly,furniture/equipment,3360,100 <= ... < 500 DM,... < 1 year,3,male : single,none,4,unknown/no property,Mid-Career,none,for free,1,skilled employee/official,1,yes,yes,31,0,male : single_Mid-Career
0 <= ... < 200 DM,22,existing credits paid back duly till now,radio/television,4618,... >= 1000 DM,... >= 7 years,3,male : single,none,2,building society savings agreement/life insurance,Early-Middle,none,for free,1,management/self-employed/highly qualified employee/officer,1,no,yes,36,0,male : single_Early-Middle
... < 100 DM,12,delay in paying off in the past,car (used),701,... < 100 DM,... >= 7 years,4,male : single,none,3,car or other,Early-Middle,none,own,1,unemployed/unskilled - non-resident,1,no,yes,48,0,male : single_Early-Middle
... < 100 DM,41,all credits at this bank paid back duly,others,6854,... < 100 DM,... < 1 year,2,male : divorced/separated,none,2,car or other,Late-Career,bank,own,1,skilled employee/official,1,yes,yes,58,0,male : divorced/separated_Late-Career
... < 100 DM,12,delay in paying off in the past,car (new),762,... < 100 DM,1 <= ... < 4 years,4,male : married/widowed,none,2,car or other,Mid-Career,bank,own,1,skilled employee/official,1,no,yes,26,0,male : married/widowed_Mid-Career
0 <= ... < 200 DM,19,critical account/other credits existing,car (new),1254,... < 100 DM,... < 1 year,3,male : married/widowed,none,2,car or other,Young,none,own,1,unemployed/unskilled - non-resident,1,no,yes,23,0,male : married/widowed_Young
... < 100 DM,28,delay in paying off in the past,education,2125,... < 100 DM,1 <= ... < 4 years,2,male : single,guarantor,1,car or other,Late-Career,none,own,1,skilled employee/official,1,no,yes,29,0,male : single_Late-Career
... >= 200 DM / salary for at least 1 year,11,existing credits paid back duly till now,car (new),678,... < 100 DM,1 <= ... < 4 years,2,male : married/widowed,none,3,car or other,Young,bank,own,1,unskilled - resident,1,no,yes,25,0,male : married/widowed_Young
0 <= ... < 200 DM,18,existing credits paid back duly till now,furniture/equipment,4165,... < 100 DM,1 <= ... < 4 years,2,male : single,none,2,car or other,Early-Middle,none,own,1,skilled employee/official,1,no,yes,35,0,male : single_Early-Middle
... >= 200 DM / salary for at least 1 year,12,existing credits paid back duly till now,education,1227,... < 100 DM,... >= 7 years,3,female : divorced/separated/married,none,3,car or other,Young,none,own,1,skilled employee/official,1,no,yes,23,0,female : divorced/separated/married_Young
... < 100 DM,21,existing credits paid back duly till now,domestic appliances,2318,... < 100 DM,... < 1 year,2,female : divorced/separated/married,none,3,car or other,Mid-Career,none,own,1,unemployed/unskilled - non-resident,1,no,yes,26,0,female : divorced/separated/married_Mid-Career
... < 100 DM,24,delay in paying off in the past,car (new),3124,... < 100 DM,... < 1 year,4,female : divorced/separated/married,none,1,building society savings agreement/life insurance,Mid-Career,none,own,1,skilled employee/official,1,no,yes,27,0,female : divorced/separated/married_Mid-Career
0 <= ... < 200 DM,22,critical account/other credits existing,car (used),1215,... >= 1000 DM,... < 1 year,4,male : single,none,4,real estate,Early-Middle,bank,own,1,management/self-employed/highly qualified employee/officer,1,no,yes,38,0,male : single_Early-Middle
0 <= ... < 200 DM,14,existing credits paid back duly till now,car (new),1769,... < 100 DM,... < 1 year,2,female : divorced/separated/married,none,1,car or other,Young,none,own,1,skilled employee/official,1,no,yes,25,0,female : divorced/separated/married_Young
... < 100 DM,42,existing credits paid back duly till now,car (used),1844,... < 100 DM,... >= 7 years,4,male : married/widowed,none,4,real estate,Mid-Career,none,for free,1,skilled employee/official,1,yes,yes,25,0,male : married/widowed_Mid-Career
... < 100 DM,21,existing credits paid back duly till now,car (new),2310,... < 100 DM,... < 1 year,3,male : married/widowed,co-applicant,1,real estate,Mid-Career,none,own,1,skilled employee/official,1,no,yes,38,0,male : married/widowed_Mid-Career
... < 100 DM,12,all credits at this bank paid back duly,car (new),691,... < 100 DM,... < 1 year,4,male : single,none,2,building society savings agreement/life insurance,Early-Middle,bank,own,2,skilled employee/official,1,no,yes,35,0,male : single_Early-Middle
... < 100 DM,23,existing credits paid back duly till now,domestic appliances,1938,... < 100 DM,... < 1 year,4,female : divorced/separated/married,none,3,building society savings agreement/life insurance,Early-Middle,none,own,1,skilled employee/official,1,no,yes,30,0,female : divorced/separated/married_Early-Middle
... < 100 DM,24,delay in paying off in the past,car (new),1376,unknown/no savings account,... >= 7 years,4,female : divorced/separated/married,none,2,building society savings agreement/life insurance,Early-Middle,none,own,1,management/self-employed/highly qualified employee/officer,1,no,yes,36,0,female : divorced/separated/married_Early-Middle
... < 100 DM,19,all credits at this bank paid back duly,car (new),1442,... < 100 DM,4 <= ... < 7 years,4,male : married/widowed,none,4,real estate,Early-Middle,none,for free,2,unemployed/unskilled - non-resident,1,no,yes,29,0,male : married/widowed_Early-Middle
0 <= ... < 200 DM,11,existing credits paid back duly till now,repairs,719,... < 100 DM,... >= 7 years,3,male : married/widowed,none,3,car or other,Mid-Career,bank,own,1,unskilled - resident,1,no,yes,40,0,male : married/widowed_Mid-Career
... < 100 DM,51,critical account/other credits existing,education,6317,... < 100 DM,... >= 7 years,4,male : single,none,4,unknown/no property,Mid-Career,none,for free,1,skilled employee/official,1,no,yes,44,0,male : single_Mid-Career
... < 100 DM,12,all credits at this bank paid back duly,car (new),693,... < 100 DM,... < 1 year,4,male : single,none,2,building society savings agreement/life insurance,Early-Middle,bank,own,2,skilled employee/official,1,no,yes,39,0,male : single_Early-Middle
... < 100 DM,28,existing credits paid back duly till now,repairs,1977,100 <= ... < 500 DM,... < 1 year,3,male : married/widowed,guarantor,3,real estate,Early-Middle,none,own,1,management/self-employed/highly qualified employee/officer,1,no,yes,34,0,male : married/widowed_Early-Middle
... < 100 DM,29,existing credits paid back duly till now,domestic appliances,11960,... < 100 DM,... < 1 year,1,female : divorced/separated/married,none,1,real estate,Early-Middle,none,own,1,unemployed/unskilled - non-resident,1,no,yes,33,0,female : divorced/separated/married_Early-Middle
... < 100 DM,11,existing credits paid back duly till now,others,1283,... < 100 DM,1 <= ... < 4 years,2,female : divorced/separated/married,guarantor,4,building society savings agreement/life insurance,Young,none,own,1,skilled employee/official,1,no,yes,20,0,female : divorced/separated/married_Young
... < 100 DM,11,existing credits paid back duly till now,education,1109,... < 100 DM,1 <= ... < 4 years,4,male : single,none,3,real estate,Mid-Career,none,for free,2,skilled employee/official,1,no,yes,28,0,male : single_Mid-Career
... >= 200 DM / salary for at least 1 year,44,delay in paying off in the past,furniture/equipment,5969,... < 100 DM,1 <= ... < 4 years,2,male : divorced/separated,none,2,real estate,Young,bank,own,1,skilled employee/official,1,no,yes,23,0,male : divorced/separated_Young
... < 100 DM,7,existing credits paid back duly till now,repairs,446,... < 100 DM,... < 1 year,3,female : divorced/separated/married,guarantor,4,building society savings agreement/life insurance,Young,none,own,1,skilled employee/official,1,no,yes,22,0,female : divorced/separated/married_Young
... >= 200 DM / salary for at least 1 year,36,critical account/other credits existing,car (new),7578,100 <= ... < 500 DM,1 <= ... < 4 years,4,male : divorced/separated,none,2,real estate,Mid-Career,bank,for free,1,management/self-employed/highly qualified employee/officer,1,no,yes,49,0,male : divorced/separated_Mid-Career
... < 100 DM,11,critical account/other credits existing,radio/television,2239,... < 100 DM,... >= 7 years,2,male : single,none,2,building society savings agreement/life insurance,Late-Career,bank,own,1,skilled employee/official,1,no,yes,54,0,male : single_Late-Career
... >= 200 DM / salary for at least 1 year,11,existing credits paid back duly till now,education,1229,... < 100 DM,... >= 7 years,3,female : divorced/separated/married,none,3,car or other,Young,none,own,1,skilled employee/official,1,no,yes,23,0,female : divorced/separated/married_Young
0 <= ... < 200 DM,21,delay in paying off in the past,furniture/equipment,4663,... < 100 DM,... < 1 year,2,male : divorced/separated,none,3,building society savings agreement/life insurance,Late-Career,none,own,1,skilled employee/official,1,no,yes,29,0,male : divorced/separated_Late-Career
0 <= ... < 200 DM,21,delay in paying off in the past,car (used),3593,... >= 1000 DM,... >= 7 years,2,male : married/widowed,guarantor,3,car or other,Early-Middle,none,own,2,skilled employee/official,1,no,yes,30,0,male : married/widowed_Early-Middle
... < 100 DM,34,existing credits paid back duly till now,furniture/equipment,3095,... < 100 DM,... < 1 year,2,male : divorced/separated,none,4,building society savings agreement/life insurance,Early-Middle,none,own,1,unemployed/unskilled - non-resident,1,no,yes,30,0,male : divorced/separated_Early-Middle
... < 100 DM,14,existing credits paid back duly till now,car (new),1223,... < 100 DM,... >= 7 years,4,female : divorced/separated/married,none,2,car or other,Young,none,own,1,unemployed/unskilled - non-resident,1,no,yes,23,0,female : divorced/separated/married_Young
... < 100 DM,30,existing credits paid back duly till now,domestic appliances,2308,... < 100 DM,... >= 7 years,3,female : divorced/separated/married,none,3,car or other,Early-Middle,none,own,1,skilled employee/official,1,no,yes,29,0,female : divorced/separated/married_Early-Middle
... >= 200 DM / salary for at least 1 year,29,existing credits paid back duly till now,car (used),4156,... >= 1000 DM,... < 1 year,3,male : divorced/separated,none,3,car or other,Young,none,own,1,skilled employee/official,1,no,yes,27,0,male : divorced/separated_Young
... < 100 DM,11,existing credits paid back duly till now,car (used),673,... >= 1000 DM,1 <= ... < 4 years,4,male : married/widowed,none,1,building society savings agreement/life insurance,Young,none,own,1,skilled employee/official,1,no,yes,20,0,male : married/widowed_Young
0 <= ... < 200 DM,32,existing credits paid back duly till now,domestic appliances,2387,... < 100 DM,... < 1 year,3,male : single,none,1,real estate,Early-Middle,bank,own,1,unemployed/unskilled - non-resident,1,no,yes,33,0,male : single_Early-Middle
... < 100 DM,16,all credits at this bank paid back duly,education,1195,... < 100 DM,1 <= ... < 4 years,2,female : divorced/separated/married,co-applicant,4,unknown/no property,Late-Career,none,own,1,skilled employee/official,1,no,yes,31,0,female : divorced/separated/married_Late-Career
... < 100 DM,13,delay in paying off in the past,car (new),943,... >= 1000 DM,1 <= ... < 4 years,4,male : married/widowed,none,2,car or other,Late-Career,none,own,2,skilled employee/official,1,no,yes,29,0,male : married/widowed_Late-Career
... < 100 DM,39,critical account/other credits existing,domestic appliances,9718,... < 100 DM,1 <= ... < 4 years,3,male : married/widowed,none,3,car or other,Young,none,own,1,skilled employee/official,1,yes,yes,24,0,male : married/widowed_Young
0 <= ... < 200 DM,54,existing credits paid back duly till now,furniture/equipment,15790,... < 100 DM,... < 1 year,3,male : married/widowed,none,4,unknown/no property,Late-Career,bank,own,1,management/self-employed/highly qualified employee/officer,1,yes,yes,58,0,male : married/widowed_Late-Career
0 <= ... < 200 DM,36,no credits taken/all credits paid back duly,domestic appliances,3807,... < 100 DM,1 <= ... < 4 years,4,female : divorced/separated/married,none,1,car or other,Late-Career,none,for free,1,skilled employee/official,1,no,yes,41,0,female : divorced/separated/married_Late-Career
... < 100 DM,12,all credits at this bank paid back duly,furniture/equipment,610,... < 100 DM,... < 1 year,4,female : divorced/separated/married,none,1,real estate,Young,bank,own,1,unemployed/unskilled - non-resident,1,no,yes,25,0,female : divorced/separated/married_Young
... < 100 DM,35,delay in paying off in the past,others,5210,... < 100 DM,4 <= ... < 7 years,2,male : divorced/separated,none,3,building society savings agreement/life insurance,Mid-Career,none,own,1,management/self-employed/highly qualified employee/officer,1,yes,yes,41,0,male : divorced/separated_Mid-Career
0 <= ... < 200 DM,8,critical account/other credits existing,domestic appliances,939,100 <= ... < 500 DM,... < 1 year,2,female : divorced/separated/married,none,2,building society savings agreement/life insurance,Late-Career,none,own,2,unemployed/unskilled - non-resident,1,no,yes,29,0,female : divorced/separated/married_Late-Career
0 <= ... < 200 DM,34,critical account/other credits existing,car (new),2816,... < 100 DM,... < 1 year,3,male : divorced/separated,none,3,building society savings agreement/life insurance,Mid-Career,bank,own,2,skilled employee/official,1,no,yes,27,0,male : divorced/separated_Mid-Career
0 <= ... < 200 DM,23,critical account/other credits existing,furniture/equipment,1935,... < 100 DM,... < 1 year,4,female : divorced/separated/married,none,4,real estate,Early-Middle,none,own,1,skilled employee/official,1,no,yes,30,0,female : divorced/separated/married_Early-Middle
... < 100 DM,12,existing credits paid back duly till now,car (new),1373,... < 100 DM,1 <= ... < 4 years,2,female : divorced/separated/married,none,2,building society savings agreement/life insurance,Early-Middle,none,own,1,skilled employee/official,1,no,yes,34,0,female : divorced/separated/married_Early-Middle
... >= 200 DM / salary for at least 1 year,46,existing credits paid back duly till now,repairs,6315,... >= 1000 DM,... >= 7 years,4,male : single,none,4,car or other,Late-Career,none,for free,1,skilled employee/official,1,no,yes,37,0,male : single_Late-Career
... < 100 DM,42,existing credits paid back duly till now,domestic appliances,7145,500 <= ... < 1000 DM,4 <= ... < 7 years,3,female : divorced/separated/married,guarantor,2,car or other,Mid-Career,none,own,1,management/self-employed/highly qualified employee/officer,1,yes,yes,30,0,female : divorced/separated/married_Mid-Career
0 <= ... < 200 DM,40,critical account/other credits existing,education,5152,... < 100 DM,1 <= ... < 4 years,2,female : divorced/separated/married,none,2,car or other,Young,none,own,1,management/self-employed/highly qualified employee/officer,1,no,yes,29,0,female : divorced/separated/married_Young
... < 100 DM,22,all credits at this bank paid back duly,education,1355,500 <= ... < 1000 DM,... >= 7 years,4,male : married/widowed,none,3,car or other,Early-Middle,none,own,1,management/self-employed/highly qualified employee/officer,1,no,yes,36,0,male : married/widowed_Early-Middle
0 <= ... < 200 DM,28,critical account/other credits existing,car (new),12540,unknown/no savings account,... >= 7 years,2,male : single,none,4,unknown/no property,Late-Career,none,for free,1,management/self-employed/highly qualified employee/officer,1,yes,yes,33,0,male : single_Late-Career
... >= 200 DM / salary for at least 1 year,12,existing credits paid back duly till now,car (new),1294,... < 100 DM,... < 1 year,2,female : divorced/separated/married,none,1,car or other,Young,none,rent,1,skilled employee/official,1,no,yes,24,0,female : divorced/separated/married_Young
0 <= ... < 200 DM,20,critical account/other credits existing,radio/television,4693,... < 100 DM,... < 1 year,2,male : divorced/separated,none,3,building society savings agreement/life insurance,Late-Career,bank,own,1,skilled employee/official,1,no,yes,30,0,male : divorced/separated_Late-Career
0 <= ... < 200 DM,19,no credits taken/all credits paid back duly,others,4151,... < 100 DM,... >= 7 years,2,male : single,none,2,car or other,Early-Middle,none,own,2,skilled employee/official,2,no,yes,32,0,male : single_Early-Middle
... < 100 DM,19,existing credits paid back duly till now,furniture/equipment,3361,... < 100 DM,... >= 7 years,3,male : single,none,2,car or other,Early-Middle,none,own,1,management/self-employed/highly qualified employee/officer,1,yes,yes,37,0,male : single_Early-Middle
... >= 200 DM / salary for at least 1 year,42,existing credits paid back duly till now,domestic appliances,3069,... < 100 DM,1 <= ... < 4 years,3,male : married/widowed,none,4,car or other,Young,none,own,1,skilled employee/official,1,no,yes,27,0,male : married/widowed_Young
... >= 200 DM / salary for at least 1 year,17,delay in paying off in the past,car (used),1331,... < 100 DM,... >= 7 years,2,male : single,none,1,car or other,Mid-Career,none,for free,1,skilled employee/official,1,no,yes,31,0,male : single_Mid-Career
0 <= ... < 200 DM,9,delay in paying off in the past,others,1977,... < 100 DM,... < 1 year,2,female : divorced/separated/married,co-applicant,2,car or other,Mid-Career,none,own,2,skilled employee/official,1,no,yes,19,0,female : divorced/separated/married_Mid-Career
0 <= ... < 200 DM,35,existing credits paid back duly till now,domestic appliances,3808,... < 100 DM,1 <= ... < 4 years,4,female : divorced/separated/married,none,1,car or other,Late-Career,none,own,1,skilled employee/official,1,yes,yes,41,0,female : divorced/separated/married_Late-Career
... < 100 DM,24,existing credits paid back duly till now,radio/television,2365,... >= 1000 DM,4 <= ... < 7 years,1,female : divorced/separated/married,none,1,building society savings agreement/life insurance,Early-Middle,none,own,1,skilled employee/official,1,no,yes,31,0,female : divorced/separated/married_Early-Middle
... < 100 DM,32,critical account/other credits existing,radio/television,4281,100 <= ... < 500 DM,... >= 7 years,1,female : divorced/separated/married,none,3,car or other,Mid-Career,none,own,1,management/self-employed/highly qualified employee/officer,1,no,yes,23,0,female : divorced/separated/married_Mid-Career
0 <= ... < 200 DM,12,delay in paying off in the past,car (new),833,100 <= ... < 500 DM,... < 1 year,4,female : divorced/separated/married,none,2,building society savings agreement/life insurance,Mid-Career,bank,own,1,unskilled - resident,1,no,yes,23,0,female : divorced/separated/married_Mid-Career
... < 100 DM,24,delay in paying off in the past,car (used),1366,unknown/no savings account,... >= 7 years,4,female : divorced/separated/married,none,3,car or other,Mid-Career,none,own,1,management/self-employed/highly qualified employee/officer,1,no,yes,29,0,female : divorced/separated/married_Mid-Career
... >= 200 DM / salary for at least 1 year,37,existing credits paid back duly till now,others,6246,... < 100 DM,1 <= ... < 4 years,4,male : single,none,3,car or other,Mid-Career,none,for free,1,skilled employee/official,1,no,yes,35,0,male : single_Mid-Career
... < 100 DM,18,all credits at this bank paid back duly,furniture/equipment,1547,... < 100 DM,1 <= ... < 4 years,3,male : single,none,2,building society savings agreement/life insurance,Late-Career,bank,own,1,skilled employee/official,1,no,yes,40,0,male : single_Late-Career
... >= 200 DM / salary for at least 1 year,6,all credits at this bank paid back duly,car (new),931,100 <= ... < 500 DM,... < 1 year,1,female : divorced/separated/married,none,1,building society savings agreement/life insurance,Early-Middle,none,own,1,unemployed/unskilled - non-resident,1,no,yes,31,0,female : divorced/separated/married_Early-Middle
... < 100 DM,16,existing credits paid back duly till now,car (new),906,unknown/no savings account,... >= 7 years,4,male : divorced/separated,none,2,car or other,Young,bank,own,1,skilled employee/official,1,no,yes,25,0,male : divorced/separated_Young
... >= 200 DM / salary for at least 1 year,13,all credits at this bank paid back duly,car (new),1438,... >= 1000 DM,4 <= ... < 7 years,2,male : married/widowed,none,3,real estate,Young,none,own,1,skilled employee/official,1,no,yes,27,0,male : married/widowed_Young
... >= 200 DM / salary for at least 1 year,6,all credits at this bank paid back duly,retraining,436,... < 100 DM,... < 1 year,4,female : divorced/separated/married,none,2,building society savings agreement/life insurance,Young,bank,own,1,skilled employee/official,1,no,yes,23,0,female : divorced/separated/married_Young
... < 100 DM,18,existing credits paid back duly till now,others,1277,500 <= ... < 1000 DM,1 <= ... < 4 years,4,female : divorced/separated/married,none,2,car or other,Late-Career,none,own,1,skilled employee/official,1,no,yes,27,0,female : divorced/separated/married_Late-Career
... < 100 DM,21,delay in paying off in the past,education,1835,... < 100 DM,1 <= ... < 4 years,3,female : divorced/separated/married,none,2,real estate,Mid-Career,bank,for free,1,skilled employee/official,1,no,yes,27,0,female : divorced/separated/married_Mid-Career
0 <= ... < 200 DM,24,existing credits paid back duly till now,domestic appliances,4101,100 <= ... < 500 DM,... < 1 year,3,female : divorced/separated/married,none,3,car or other,Mid-Career,none,own,1,skilled employee/official,1,no,yes,31,0,female : divorced/separated/married_Mid-Career
... >= 200 DM / salary for at least 1 year,24,existing credits paid back duly till now,radio/television,4070,... < 100 DM,1 <= ... < 4 years,3,male : divorced/separated,none,3,car or other,Mid-Career,bank,own,1,skilled employee/official,1,no,yes,37,0,male : divorced/separated_Mid-Career
... >= 200 DM / salary for at least 1 year,23,existing credits paid back duly till now,education,3927,... < 100 DM,1 <= ... < 4 years,3,male : married/widowed,none,2,building society savings agreement/life insurance,Early-Middle,none,own,1,skilled employee/official,1,yes,yes,34,0,male : married/widowed_Early-Middle
... < 100 DM,43,existing credits paid back duly till now,domestic appliances,7137,500 <= ... < 1000 DM,4 <= ... < 7 years,3,female : divorced/separated/married,guarantor,2,car or other,Mid-Career,none,own,1,management/self-employed/highly qualified employee/officer,1,yes,yes,30,0,female : divorced/separated/married_Mid-Career
0 <= ... < 200 DM,7,all credits at this bank paid back duly,repairs,433,... < 100 DM,... < 1 year,3,female : divorced/separated/married,guarantor,2,building society savings agreement/life insurance,Young,bank,rent,1,skilled employee/official,1,no,yes,23,0,female : divorced/separated/married_Young
... >= 200 DM / salary for at least 1 year,39,critical account/other credits existing,car (used),4763,... < 100 DM,... < 1 year,3,male : single,guarantor,2,building society savings agreement/life insurance,Mid-Career,none,own,1,unemployed/unskilled - non-resident,1,no,yes,26,0,male : single_Mid-Career
... < 100 DM,12,existing credits paid back duly till now,car (new),900,unknown/no savings account,... >= 7 years,4,male : divorced/separated,none,2,car or other,Young,bank,own,1,skilled employee/official,1,no,yes,23,0,male : divorced/separated_Young
0 <= ... < 200 DM,16,critical account/other credits existing,car (used),2771,... >= 1000 DM,1 <= ... < 4 years,1,male : married/widowed,none,2,building society savings agreement/life insurance,Early-Middle,bank,own,1,skilled employee/official,1,no,yes,29,0,male : married/widowed_Early-Middle
... >= 200 DM / salary for at least 1 year,47,delay in paying off in the past,domestic appliances,5952,... < 100 DM,1 <= ... < 4 years,2,female : divorced/separated/married,none,2,real estate,Young,bank,own,1,skilled employee/official,1,no,yes,22,0,female : divorced/separated/married_Young
... >= 200 DM / salary for at least 1 year,30,existing credits paid back duly till now,radio/television,3347,... < 100 DM,... >= 7 years,4,male : divorced/separated,none,2,building society savings agreement/life insurance,Late-Career,none,own,1,management/self-employed/highly qualified employee/officer,1,yes,yes,33,0,male : divorced/separated_Late-Career
... < 100 DM,12,existing credits paid back duly till now,others,781,... >= 1000 DM,... < 1 year,4,male : divorced/separated,none,3,building society savings agreement/life insurance,Late-Career,none,own,1,skilled employee/official,1,no,yes,59,0,male : divorced/separated_Late-Career
no checking account,33,delay in paying off in the past,domestic appliances,4484,... < 100 DM,1 <= ... < 4 years,3,male : single,none,2,building society savings agreement/life insurance,Mid-Career,none,own,2,management/self-employed/highly qualified employee/officer,1,yes,yes,30,0,male : single_Mid-Career
... >= 200 DM / salary for at least 1 year,47,existing credits paid back duly till now,car (new),7439,100 <= ... < 500 DM,... < 1 year,3,female : divorced/separated/married,none,2,building society savings agreement/life insurance,Mid-Career,none,for free,1,management/self-employed/highly qualified employee/officer,1,no,yes,32,0,female : divorced/separated/married_Mid-Career
0 <= ... < 200 DM,40,existing credits paid back duly till now,car (new),14264,... < 100 DM,... >= 7 years,4,male : single,none,2,unknown/no property,Late-Career,none,for free,1,management/self-employed/highly qualified employee/officer,1,yes,yes,51,0,male : single_Late-Career
... < 100 DM,12,existing credits paid back duly till now,domestic appliances,6192,... < 100 DM,1 <= ... < 4 years,4,male : single,none,2,building society savings agreement/life insurance,Young,bank,own,1,skilled employee/official,1,yes,yes,27,0,male : single_Young
0 <= ... < 200 DM,11,existing credits paid back duly till now,car (new),890,... < 100 DM,... >= 7 years,4,male : married/widowed,none,3,building society savings agreement/life insurance,Mid-Career,bank,own,1,unemployed/unskilled - non-resident,1,no,yes,40,0,male : married/widowed_Mid-Career
... >= 200 DM / salary for at least 1 year,35,critical account/other credits existing,car (used),4919,... < 100 DM,1 <= ... < 4 years,2,male : single,guarantor,2,real estate,Mid-Career,none,for free,2,skilled employee/official,1,no,yes,30,0,male : single_Mid-Career
... < 100 DM,20,existing credits paid back duly till now,car (new),2312,... < 100 DM,... < 1 year,3,male : divorced/separated,co-applicant,1,real estate,Mid-Career,none,own,1,skilled employee/official,1,no,yes,36,0,male : divorced/separated_Mid-Career
... >= 200 DM / salary for at least 1 year,17,critical account/other credits existing,domestic appliances,1550,... < 100 DM,... >= 7 years,4,male : single,guarantor,4,real estate,Mid-Career,bank,for free,1,skilled employee/official,1,no,yes,40,0,male : single_Mid-Career
... >= 200 DM / salary for at least 1 year,35,existing credits paid back duly till now,car (used),6759,... >= 1000 DM,1 <= ... < 4 years,2,male : divorced/separated,none,2,car or other,Early-Middle,none,own,1,skilled employee/official,1,no,yes,46,0,male : divorced/separated_Early-Middle
... >= 200 DM / salary for at least 1 year,19,delay in paying off in the past,domestic appliances,2092,... < 100 DM,1 <= ... < 4 years,3,male : married/widowed,co-applicant,2,car or other,Early-Middle,none,own,1,management/self-employed/highly qualified employee/officer,1,no,yes,36,0,male : married/widowed_Early-Middle
... < 100 DM,26,critical account/other credits existing,others,3141,... < 100 DM,... >= 7 years,3,male : married/widowed,none,2,building society savings agreement/life insurance,Early-Middle,none,own,1,skilled employee/official,1,no,yes,31,0,male : married/widowed_Early-Middle
... < 100 DM,45,existing credits paid back duly till now,car (new),3906,... < 100 DM,1 <= ... < 4 years,4,male : married/widowed,none,3,real estate,Mid-Career,none,for free,1,skilled employee/official,1,no,yes,45,0,male : married/widowed_Mid-Career
... < 100 DM,23,existing credits paid back duly till now,domestic appliances,1824,... < 100 DM,4 <= ... < 7 years,3,male : married/widowed,none,2,car or other,Young,none,own,1,management/self-employed/highly qualified employee/officer,1,no,yes,29,0,male : married/widowed_Young
... < 100 DM,29,delay in paying off in the past,education,2127,... < 100 DM,1 <= ... < 4 years,2,male : single,guarantor,1,car or other,Late-Career,none,own,1,skilled employee/official,1,no,yes,28,0,male : single_Late-Career
... >= 200 DM / salary for at least 1 year,29,delay in paying off in the past,car (new),2149,... < 100 DM,1 <= ... < 4 years,4,female : divorced/separated/married,guarantor,2,real estate,Young,bank,own,1,skilled employee/official,1,no,yes,24,0,female : divorced/separated/married_Young
... < 100 DM,19,critical account/other credits existing,furniture/equipment,3363,... >= 1000 DM,... < 1 year,3,male : single,none,4,unknown/no property,Late-Career,none,for free,1,skilled employee/official,1,yes,yes,31,0,male : single_Late-Career
0 <= ... < 200 DM,39,critical account/other credits existing,domestic appliances,11494,... >= 1000 DM,1 <= ... < 4 years,2,male : divorced/separated,guarantor,3,car or other,Young,bank,own,2,skilled employee/official,1,no,yes,25,0,male : divorced/separated_Young
no checking account,42,critical account/other credits existing,education,11315,... >= 1000 DM,1 <= ... < 4 years,2,female : divorced/separated/married,none,3,car or other,Young,bank,own,2,skilled employee/official,1,no,yes,24,0,female : divorced/separated/married_Young
... < 100 DM,27,delay in paying off in the past,car (new),4002,... < 100 DM,... >= 7 years,2,male : married/widowed,none,2,car or other,Late-Career,bank,own,1,unemployed/unskilled - non-resident,1,no,yes,43,0,male : married/widowed_Late-Career
... < 100 DM,15,existing credits paid back duly till now,domestic appliances,6128,... >= 1000 DM,... >= 7 years,3,male : married/widowed,none,1,building society savings agreement/life insurance,Mid-Career,none,own,2,skilled employee/official,1,yes,yes,32,0,male : married/widowed_Mid-Career
no checking account,30,delay in paying off in the past,education,4520,... < 100 DM,1 <= ... < 4 years,3,male : single,none,2,building society savings agreement/life insurance,Mid-Career,none,own,2,management/self-employed/highly qualified employee/officer,1,yes,yes,38,0,male : single_Mid-Career
... < 100 DM,35,delay in paying off in the past,furniture/equipment,11871,... < 100 DM,... >= 7 years,2,male : single,guarantor,3,car or other,Late-Career,none,own,2,management/self-employed/highly qualified employee/officer,1,no,yes,33,0,male : single_Late-Career
... < 100 DM,12,delay in paying off in the past,repairs,684,... < 100 DM,... >= 7 years,4,male : single,none,3,building society savings agreement/life insurance,Early-Middle,none,own,1,unemployed/unskilled - non-resident,1,no,yes,39,0,male : single_Early-Middle
... < 100 DM,19,delay in paying off in the past,furniture/equipment,2492,... < 100 DM,4 <= ... < 7 years,4,male : single,none,1,car or other,Mid-Career,none,own,1,unemployed/unskilled - non-resident,1,no,yes,31,0,male : single_Mid-Career
... < 100 DM,32,existing credits paid back duly till now,domestic appliances,1839,... < 100 DM,1 <= ... < 4 years,3,male : divorced/separated,none,2,real estate,Young,none,for free,1,skilled employee/official,1,yes,yes,24,0,male : divorced/separated_Young
... < 100 DM,32,existing credits paid back duly till now,car (new),3993,... < 100 DM,... >= 7 years,3,male : single,none,2,car or other,Late-Career,none,own,1,unemployed/unskilled - non-resident,1,no,yes,41,0,male : single_Late-Career
... < 100 DM,32,existing credits paid back duly till now,car (new),1840,... < 100 DM,... < 1 year,3,female : divorced/separated/married,none,3,car or other,Early-Middle,none,own,1,skilled employee/official,1,yes,yes,32,0,female : divorced/separated/married_Early-Middle
... < 100 DM,13,existing credits paid back duly till now,education,1229,... >= 1000 DM,... >= 7 years,2,female : divorced/separated/married,none,3,real estate,Mid-Career,none,for free,1,unskilled - resident,1,no,yes,47,0,female : divorced/separated/married_Mid-Career
0 <= ... < 200 DM,29,no credits taken/all credits paid back duly,others,4273,... >= 1000 DM,1 <= ... < 4 years,3,female : divorced/separated/married,none,4,car or other,Mid-Career,none,own,2,unskilled - resident,1,no,yes,27,0,female : divorced/separated/married_Mid-Career
... < 100 DM,14,existing credits paid back duly till now,car (new),903,unknown/no savings account,... >= 7 years,4,male : divorced/separated,none,2,car or other,Young,bank,own,1,skilled employee/official,1,no,yes,24,0,male : divorced/separated_Young
... < 100 DM,24,delay in paying off in the past,others,3229,... < 100 DM,... < 1 year,4,female : divorced/separated/married,none,3,car or other,Mid-Career,none,rent,1,unemployed/unskilled - non-resident,1,yes,yes,23,0,female : divorced/separated/married_Mid-Career
... >= 200 DM / salary for at least 1 year,20,delay in paying off in the past,furniture/equipment,1188,... < 100 DM,... >= 7 years,2,female : divorced/separated/married,none,4,building society savings agreement/life insurance,Early-Middle,none,for free,1,skilled employee/official,2,no,yes,39,0,female : divorced/separated/married_Early-Middle
... < 100 DM,24,existing credits paid back duly till now,car (new),1364,100 <= ... < 500 DM,... >= 7 years,3,female : divorced/separated/married,none,4,car or other,Young,none,own,1,skilled employee/official,1,no,yes,25,0,female : divorced/separated/married_Young
... >= 200 DM / salary for at least 1 year,12,critical account/other credits existing,domestic appliances,634,... < 100 DM,1 <= ... < 4 years,4,male : divorced/separated,none,2,car or other,Young,bank,own,1,skilled employee/official,1,no,yes,27,0,male : divorced/separated_Young
... < 100 DM,21,all credits at this bank paid back duly,domestic appliances,1543,... < 100 DM,1 <= ... < 4 years,3,male : married/widowed,guarantor,3,car or other,Young,bank,rent,1,unemployed/unskilled - non-resident,1,no,yes,23,0,male : married/widowed_Young
... < 100 DM,48,existing credits paid back duly till now,education,10155,... < 100 DM,... >= 7 years,2,male : divorced/separated,none,3,real estate,Late-Career,none,for free,2,skilled employee/official,1,yes,yes,33,0,male : divorced/separated_Late-Career
... >= 200 DM / salary for at least 1 year,15,critical account/other credits existing,education,2162,... < 100 DM,1 <= ... < 4 years,4,male : divorced/separated,none,1,car or other,Young,none,for free,1,skilled employee/official,1,no,yes,28,0,male : divorced/separated_Young
... >= 200 DM / salary for at least 1 year,31,existing credits paid back duly till now,car (new),6759,100 <= ... < 500 DM,1 <= ... < 4 years,2,male : divorced/separated,none,3,car or other,Early-Middle,none,own,1,skilled employee/official,1,no,yes,50,0,male : divorced/separated_Early-Middle
... < 100 DM,24,critical account/other credits existing,radio/television,3347,... >= 1000 DM,... < 1 year,4,male : single,none,3,car or other,Late-Career,none,for free,1,management/self-employed/highly qualified employee/officer,1,yes,yes,34,0,male : single_Late-Career
... < 100 DM,21,delay in paying off in the past,radio/television,7948,... < 100 DM,... >= 7 years,3,male : divorced/separated,none,3,unknown/no property,Mid-Career,none,for free,1,management/self-employed/highly qualified employee/officer,1,yes,yes,41,0,male : divorced/separated_Mid-Career
... < 100 DM,34,existing credits paid back duly till now,car (new),3942,... < 100 DM,1 <= ... < 4 years,3,male : divorced/separated,none,3,car or other,Mid-Career,none,for free,1,skilled employee/official,1,no,yes,39,0,male : divorced/separated_Mid-Career
0 <= ... < 200 DM,44,no credits taken/all credits paid back duly,furniture/equipment,3831,... >= 1000 DM,1 <= ... < 4 years,4,male : married/widowed,none,3,real estate,Early-Middle,none,for free,1,unemployed/unskilled - non-resident,1,no,yes,36,0,male : married/widowed_Early-Middle
... >= 200 DM / salary for at least 1 year,28,existing credits paid back duly till now,domestic appliances,3084,... >= 1000 DM,... < 1 year,3,male : married/widowed,none,2,car or other,Mid-Career,none,own,1,skilled employee/official,1,no,yes,27,0,male : married/widowed_Mid-Career
... >= 200 DM / salary for at least 1 year,16,delay in paying off in the past,others,1191,... < 100 DM,... >= 7 years,2,female : divorced/separated/married,none,4,building society savings agreement/life insurance,Early-Middle,none,for free,1,skilled employee/official,1,no,yes,37,0,female : divorced/separated/married_Early-Middle
... >= 200 DM / salary for at least 1 year,21,critical account/other credits existing,car (used),1216,... >= 1000 DM,... < 1 year,4,male : divorced/separated,none,3,real estate,Late-Career,bank,own,1,skilled employee/official,1,no,yes,31,0,male : divorced/separated_Late-Career
... < 100 DM,32,delay in paying off in the past,domestic appliances,11946,... < 100 DM,... < 1 year,1,female : divorced/separated/married,none,1,real estate,Early-Middle,bank,own,1,unskilled - resident,1,no,yes,32,0,female : divorced/separated/married_Early-Middle
0 <= ... < 200 DM,16,critical account/other credits existing,others,1956,... < 100 DM,... < 1 year,3,female : divorced/separated/married,guarantor,3,car or other,Late-Career,none,own,2,skilled employee/official,1,no,yes,25,0,female : divorced/separated/married_Late-Career
0 <= ... < 200 DM,35,delay in paying off in the past,radio/television,3349,... < 100 DM,1 <= ... < 4 years,3,female : divorced/separated/married,none,2,car or other,Mid-Career,none,own,1,management/self-employed/highly qualified employee/officer,1,yes,yes,28,0,female : divorced/separated/married_Mid-Career
... < 100 DM,14,critical account/other credits existing,furniture/equipment,1599,... < 100 DM,... >= 7 years,4,male : divorced/separated,none,2,car or other,Mid-Career,bank,own,1,skilled employee/official,1,no,yes,35,0,male : divorced/separated_Mid-Career
0 <= ... < 200 DM,39,existing credits paid back duly till now,car (new),6539,100 <= ... < 500 DM,4 <= ... < 7 years,2,male : single,none,1,building society savings agreement/life insurance,Mid-Career,none,own,1,management/self-employed/highly qualified employee/officer,1,no,yes,30,0,male : single_Mid-Career
0 <= ... < 200 DM,9,critical account/other credits existing,radio/television,1506,... < 100 DM,... < 1 year,1,female : divorced/separated/married,none,2,car or other,Early-Middle,none,own,1,management/self-employed/highly qualified employee/officer,1,no,yes,32,0,female : divorced/separated/married_Early-Middle
0 <= ... < 200 DM,28,existing credits paid back duly till now,car (new),12513,... >= 1000 DM,... >= 7 years,2,male : divorced/separated,none,2,unknown/no property,Late-Career,none,for free,1,management/self-employed/highly qualified employee/officer,1,yes,yes,41,0,male : divorced/separated_Late-Career
... >= 200 DM / salary for at least 1 year,40,delay in paying off in the past,education,4507,... < 100 DM,... >= 7 years,2,male : divorced/separated,none,2,real estate,Young,none,for free,2,management/self-employed/highly qualified employee/officer,1,no,yes,27,0,male : divorced/separated_Young
... < 100 DM,12,all credits at this bank paid back duly,car (new),697,... < 100 DM,... < 1 year,4,male : single,none,2,car or other,Mid-Career,bank,own,1,skilled employee/official,1,no,yes,45,0,male : single_Mid-Career
... >= 200 DM / salary for at least 1 year,17,existing credits paid back duly till now,car (new),1383,500 <= ... < 1000 DM,1 <= ... < 4 years,2,female : divorced/separated/married,none,2,building society savings agreement/life insurance,Late-Career,none,own,1,skilled employee/official,1,no,yes,30,0,female : divorced/separated/married_Late-Career
... < 100 DM,31,critical account/other credits existing,education,4266,... >= 1000 DM,1 <= ... < 4 years,2,female : divorced/separated/married,none,3,car or other,Young,none,own,2,management/self-employed/highly qualified employee/officer,1,no,yes,25,0,female : divorced/separated/married_Young
... < 100 DM,26,existing credits paid back duly till now,education,2427,... < 100 DM,... >= 7 years,4,female : divorced/separated/married,none,4,real estate,Late-Career,none,own,1,skilled employee/official,1,no,yes,30,0,female : divorced/separated/married_Late-Career
... < 100 DM,18,delay in paying off in the past,radio/television,1215,... < 100 DM,... >= 7 years,4,male : married/widowed,none,3,car or other,Late-Career,none,own,1,unskilled - resident,1,no,yes,48,0,male : married/widowed_Late-Career
0 <= ... < 200 DM,36,delay in paying off in the past,furniture/equipment,4456,... < 100 DM,1 <= ... < 4 years,2,male : divorced/separated,none,2,car or other,Young,none,own,2,management/self-employed/highly qualified employee/officer,1,yes,yes,29,0,male : divorced/separated_Young
0 <= ... < 200 DM,16,critical account/other credits existing,furniture/equipment,2162,... < 100 DM,1 <= ... < 4 years,4,male : divorced/separated,none,1,car or other,Young,none,for free,1,skilled employee/official,1,no,yes,28,0,male : divorced/separated_Young
0 <= ... < 200 DM,16,critical account/other credits existing,radio/television,1926,... < 100 DM,... < 1 year,2,male : single,none,2,car or other,Early-Middle,none,own,1,unskilled - resident,1,no,yes,32,0,male : single_Early-Middle
0 <= ... < 200 DM,19,critical account/other credits existing,others,4292,... < 100 DM,... >= 7 years,4,male : divorced/separated,none,2,real estate,Early-Middle,none,own,1,management/self-employed/highly qualified employee/officer,1,no,yes,38,0,male : divorced/separated_Early-Middle
... >= 200 DM / salary for at least 1 year,28,delay in paying off in the past,others,4260,... >= 1000 DM,1 <= ... < 4 years,1,male : divorced/separated,none,4,car or other,Late-Career,none,own,2,unemployed/unskilled - non-resident,1,no,yes,29,0,male : divorced/separated_Late-Career
... < 100 DM,13,existing credits paid back duly till now,car (used),1362,... < 100 DM,... < 1 year,3,female : divorced/separated/married,none,4,building society savings agreement/life insurance,Young,none,own,1,skilled employee/official,1,no,yes,22,0,female : divorced/separated/married_Young
... < 100 DM,38,existing credits paid back duly till now,car (new),7460,500 <= ... < 1000 DM,... < 1 year,2,male : divorced/separated,none,3,building society savings agreement/life insurance,Mid-Career,none,for free,1,management/self-employed/highly qualified employee/officer,1,no,yes,37,0,male : divorced/separated_Mid-Career
... < 100 DM,12,delay in paying off in the past,car (new),897,500 <= ... < 1000 DM,... >= 7 years,4,male : married/widowed,none,2,car or other,Mid-Career,bank,own,1,skilled employee/official,1,no,yes,25,0,male : married/widowed_Mid-Career
... >= 200 DM / salary for at least 1 year,36,existing credits paid back duly till now,car (used),6759,... >= 1000 DM,1 <= ... < 4 years,2,male : divorced/separated,none,2,car or other,Early-Middle,none,own,1,skilled employee/official,1,no,yes,44,0,male : divorced/separated_Early-Middle
... < 100 DM,18,existing credits paid back duly till now,others,3114,... < 100 DM,... < 1 year,1,female : divorced/separated/married,none,3,building society savings agreement/life insurance,Mid-Career,none,rent,1,skilled employee/official,1,no,yes,26,0,female : divorced/separated/married_Mid-Career
0 <= ... < 200 DM,24,delay in paying off in the past,others,2060,... < 100 DM,4 <= ... < 7 years,2,female : divorced/separated/married,none,1,building society savings agreement/life insurance,Early-Middle,none,own,1,management/self-employed/highly qualified employee/officer,1,yes,yes,32,0,female : divorced/separated/married_Early-Middle
... < 100 DM,48,existing credits paid back duly till now,car (new),3929,... < 100 DM,1 <= ... < 4 years,4,male : married/widowed,none,3,real estate,Late-Career,bank,for free,1,skilled employee/official,1,no,yes,45,0,male : married/widowed_Late-Career
... >= 200 DM / salary for at least 1 year,9,all credits at this bank paid back duly,radio/television,538,... < 100 DM,... < 1 year,4,female : divorced/separated/married,none,1,car or other,Young,bank,own,1,skilled employee/official,1,no,yes,25,0,female : divorced/separated/married_Young
0 <= ... < 200 DM,10,existing credits paid back duly till now,car (new),1308,500 <= ... < 1000 DM,... >= 7 years,3,male : married/widowed,guarantor,3,building society savings agreement/life insurance,Young,none,own,1,unemployed/unskilled - non-resident,1,no,yes,26,0,male : married/widowed_Young
... >= 200 DM / salary for at least 1 year,36,existing credits paid back duly till now,car (new),9339,... < 100 DM,... >= 7 years,1,male : married/widowed,none,2,car or other,Young,none,own,1,management/self-employed/highly qualified employee/officer,1,yes,yes,26,0,male : married/widowed_Young
... >= 200 DM / salary for at least 1 year,36,delay in paying off in the past,car (new),8104,100 <= ... < 500 DM,... >= 7 years,2,male : single,none,4,car or other,Mid-Career,none,for free,3,management/self-employed/highly qualified employee/officer,1,no,yes,42,0,male : single_Mid-Career
0 <= ... < 200 DM,19,delay in paying off in the past,others,1926,500 <= ... < 1000 DM,... < 1 year,4,female : divorced/separated/married,none,3,real estate,Mid-Career,none,own,1,skilled employee/official,1,no,yes,27,0,female : divorced/separated/married_Mid-Career
0 <= ... < 200 DM,11,delay in paying off in the past,radio/television,1126,100 <= ... < 500 DM,... >= 7 years,4,female : divorced/separated/married,none,3,car or other,Mid-Career,none,own,1,unemployed/unskilled - non-resident,1,no,yes,29,0,female : divorced/separated/married_Mid-Career
... >= 200 DM / salary for at least 1 year,16,existing credits paid back duly till now,car (new),1346,... < 100 DM,... < 1 year,3,male : divorced/separated,none,3,car or other,Late-Career,none,own,1,skilled employee/official,1,yes,yes,29,0,male : divorced/separated_Late-Career
... < 100 DM,17,all credits at this bank paid back duly,car (new),1653,100 <= ... < 500 DM,... >= 7 years,4,male : married/widowed,none,2,building society savings agreement/life insurance,Early-Middle,none,own,1,unemployed/unskilled - non-resident,1,no,yes,34,0,male : married/widowed_Early-Middle
0 <= ... < 200 DM,59,all credits at this bank paid back duly,furniture/equipment,14759,... >= 1000 DM,... >= 7 years,2,female : divorced/separated/married,none,3,real estate,Late-Career,bank,for free,1,management/self-employed/highly qualified employee/officer,1,yes,yes,57,0,female : divorced/separated/married_Late-Career
... < 100 DM,39,existing credits paid back duly till now,car (used),3971,... < 100 DM,... < 1 year,3,male : single,none,2,car or other,Early-Middle,none,own,1,skilled employee/official,1,no,yes,35,0,male : single_Early-Middle
0 <= ... < 200 DM,56,existing credits paid back duly till now,car (new),14065,... < 100 DM,1 <= ... < 4 years,4,male : single,none,2,unknown/no property,Mid-Career,none,for free,1,management/self-employed/highly qualified employee/officer,1,yes,yes,30,0,male : single_Mid-Career
0 <= ... < 200 DM,7,all credits at this bank paid back duly,car (used),937,100 <= ... < 500 DM,... < 1 year,1,female : divorced/separated/married,none,1,building society savings agreement/life insurance,Early-Middle,none,own,1,unemployed/unskilled - non-resident,1,no,yes,30,0,female : divorced/separated/married_Early-Middle
... < 100 DM,13,existing credits paid back duly till now,car (used),3379,... < 100 DM,... >= 7 years,3,male : single,none,3,real estate,Early-Middle,none,for free,1,management/self-employed/highly qualified employee/officer,1,yes,yes,35,0,male : single_Early-Middle
... < 100 DM,40,delay in paying off in the past,domestic appliances,4393,... < 100 DM,1 <= ... < 4 years,3,male : single,none,2,building society savings agreement/life insurance,Young,bank,own,2,management/self-employed/highly qualified employee/officer,1,yes,yes,26,0,male : single_Young
0 <= ... < 200 DM,47,existing credits paid back duly till now,domestic appliances,10972,... < 100 DM,1 <= ... < 4 years,1,male : single,co-applicant,2,real estate,Young,bank,own,2,management/self-employed/highly qualified employee/officer,1,yes,yes,27,0,male : single_Young
... < 100 DM,18,existing credits paid back duly till now,radio/television,2471,... < 100 DM,4 <= ... < 7 years,3,male : single,none,1,car or other,Young,none,own,1,skilled employee/official,1,no,yes,24,0,male : single_Young
... >= 200 DM / salary for at least 1 year,43,critical account/other credits existing,radio/television,5125,... < 100 DM,1 <= ... < 4 years,2,male : divorced/separated,none,2,building society savings agreement/life insurance,Young,none,own,1,management/self-employed/highly qualified employee/officer,1,no,yes,29,0,male : divorced/separated_Young
... >= 200 DM / salary for at least 1 year,16,critical account/other credits existing,domestic appliances,1551,... < 100 DM,... >= 7 years,4,male : single,guarantor,4,real estate,Mid-Career,bank,for free,1,skilled employee/official,1,no,yes,42,0,male : single_Mid-Career
0 <= ... < 200 DM,9,existing credits paid back duly till now,car (new),1311,500 <= ... < 1000 DM,... >= 7 years,4,male : single,guarantor,3,building society savings agreement/life insurance,Mid-Career,none,own,1,unemployed/unskilled - non-resident,1,no,yes,27,0,male : single_Mid-Career
... >= 200 DM / salary for at least 1 year,12,existing credits paid back duly till now,domestic appliances,684,... < 100 DM,1 <= ... < 4 years,2,male : married/widowed,none,3,car or other,Mid-Career,bank,own,1,unskilled - resident,1,no,yes,28,0,male : married/widowed_Mid-Career
... < 100 DM,12,critical account/other credits existing,car (new),694,... < 100 DM,... >= 7 years,4,male : single,none,3,building society savings agreement/life insurance,Early-Middle,none,own,1,skilled employee/official,1,no,yes,39,0,male : single_Early-Middle
... >= 200 DM / salary for at least 1 year,12,critical account/other credits existing,repairs,1133,... < 100 DM,1 <= ... < 4 years,4,male : divorced/separated,none,2,real estate,Early-Middle,none,for free,1,skilled employee/official,1,no,yes,32,0,male : divorced/separated_Early-Middle
... < 100 DM,44,existing credits paid back duly till now,car (used),4602,... < 100 DM,... >= 7 years,2,male : single,none,3,real estate,Mid-Career,none,for free,2,management/self-employed/highly qualified employee/officer,1,no,yes,28,0,male : single_Mid-Career
0 <= ... < 200 DM,13,existing credits paid back duly till now,car (new),1385,500 <= ... < 1000 DM,1 <= ... < 4 years,2,female : divorced/separated/married,none,2,building society savings agreement/life insurance,Mid-Career,none,own,1,skilled employee/official,1,no,yes,26,0,female : divorced/separated/married_Mid-Career
... >= 200 DM / salary for at least 1 year,21,all credits at this bank paid back duly,car (used),1538,... < 100 DM,1 <= ... < 4 years,3,male : single,guarantor,3,building society savings agreement/life insurance,Late-Career,bank,own,1,unemployed/unskilled - non-resident,1,no,yes,27,0,male : single_Late-Career
... < 100 DM,41,critical account/other credits existing,retraining,6050,... < 100 DM,... >= 7 years,4,male : single,none,3,unknown/no property,Mid-Career,bank,for free,1,skilled employee/official,1,no,yes,32,0,male : single_Mid-Career
... >= 200 DM / salary for at least 1 year,24,delay in paying off in the past,domestic appliances,6804,100 <= ... < 500 DM,1 <= ... < 4 years,2,male : single,none,3,building society savings agreement/life insurance,Late-Career,none,own,1,skilled employee/official,1,no,yes,54,0,male : single_Late-Career
... >= 200 DM / salary for at least 1 year,24,critical account/other credits existing,education,4774,... < 100 DM,... >= 7 years,2,male : divorced/separated,guarantor,3,building society savings agreement/life insurance,Late-Career,bank,own,1,unemployed/unskilled - non-resident,1,no,yes,27,0,male : divorced/separated_Late-Career
0 <= ... < 200 DM,32,critical account/other credits existing,domestic appliances,11814,... < 100 DM,1 <= ... < 4 years,2,male : divorced/separated,co-applicant,3,car or other,Late-Career,bank,own,2,skilled employee/official,1,no,yes,33,0,male : divorced/separated_Late-Career
... < 100 DM,19,existing credits paid back duly till now,car (new),1288,100 <= ... < 500 DM,... >= 7 years,3,female : divorced/separated/married,none,2,real estate,Late-Career,none,rent,1,skilled employee/official,1,no,yes,29,0,female : divorced/separated/married_Late-Career
... >= 200 DM / salary for at least 1 year,16,delay in paying off in the past,domestic appliances,2579,... >= 1000 DM,... < 1 year,4,male : single,none,1,real estate,Early-Middle,bank,own,1,unskilled - resident,2,no,yes,36,0,male : single_Early-Middle
... < 100 DM,14,critical account/other credits existing,car (new),2605,... < 100 DM,... < 1 year,2,male : single,guarantor,2,building society savings agreement/life insurance,Late-Career,bank,own,1,skilled employee/official,1,no,yes,38,0,male : single_Late-Career
... < 100 DM,24,delay in paying off in the past,car (used),4795,... < 100 DM,1 <= ... < 4 years,2,male : married/widowed,co-applicant,3,building society savings agreement/life insurance,Early-Middle,bank,own,1,skilled employee/official,1,no,yes,29,0,male : married/widowed_Early-Middle
... < 100 DM,20,delay in paying off in the past,furniture/equipment,1216,... < 100 DM,... >= 7 years,4,male : married/widowed,none,3,real estate,Late-Career,bank,own,1,unemployed/unskilled - non-resident,1,no,yes,43,0,male : married/widowed_Late-Career
... < 100 DM,8,critical account/other credits existing,education,3384,... < 100 DM,... >= 7 years,1,male : divorced/separated,none,4,real estate,Late-Career,none,own,1,management/self-employed/highly qualified employee/officer,1,yes,yes,40,0,male : divorced/separated_Late-Career
no checking account,14,delay in paying off in the past,others,2186,... < 100 DM,1 <= ... < 4 years,3,male : married/widowed,none,2,car or other,Young,bank,own,1,skilled employee/official,1,no,yes,26,0,male : married/widowed_Young
... >= 200 DM / salary for at least 1 year,12,critical account/other credits existing,others,2263,... < 100 DM,1 <= ... < 4 years,3,male : single,none,2,building society savings agreement/life insurance,Late-Career,none,own,2,management/self-employed/highly qualified employee/officer,1,no,yes,53,0,male : single_Late-Career
... < 100 DM,33,delay in paying off in the past,education,4345,... < 100 DM,1 <= ... < 4 years,3,male : married/widowed,none,2,car or other,Late-Career,bank,own,1,management/self-employed/highly qualified employee/officer,1,yes,yes,30,0,male : married/widowed_Late-Career
0 <= ... < 200 DM,34,existing credits paid back duly till now,repairs,1820,... < 100 DM,1 <= ... < 4 years,3,male : married/widowed,none,3,real estate,Early-Middle,none,for free,1,skilled employee/official,1,yes,yes,35,0,male : married/widowed_Early-Middle
... < 100 DM,33,delay in paying off in the past,car (used),6279,... < 100 DM,... >= 7 years,4,male : single,none,3,car or other,Mid-Career,none,for free,2,skilled employee/official,1,yes,yes,38,0,male : single_Mid-Career
... >= 200 DM / salary for at least 1 year,9,existing credits paid back duly till now,education,738,... < 100 DM,... >= 7 years,3,female : divorced/separated/married,none,2,car or other,Mid-Career,bank,own,1,unskilled - resident,1,no,yes,31,0,female : divorced/separated/married_Mid-Career
... >= 200 DM / salary for at least 1 year,18,delay in paying off in the past,car (new),2256,... >= 1000 DM,... < 1 year,3,female : divorced/separated/married,guarantor,2,building society savings agreement/life insurance,Late-Career,bank,own,2,skilled employee/official,1,no,no,30,0,female : divorced/separated/married_Late-Career
... < 100 DM,20,existing credits paid back duly till now,car (new),1281,100 <= ... < 500 DM,1 <= ... < 4 years,3,female : divorced/separated/married,none,3,real estate,Early-Middle,none,own,1,skilled employee/official,1,no,yes,33,0,female : divorced/separated/married_Early-Middle
0 <= ... < 200 DM,35,delay in paying off in the past,radio/television,3349,... < 100 DM,... >= 7 years,4,female : divorced/separated/married,none,2,car or other,Young,none,for free,1,management/self-employed/highly qualified employee/officer,1,yes,yes,28,0,female : divorced/separated/married_Young
... < 100 DM,12,existing credits paid back duly till now,car (used),674,... >= 1000 DM,4 <= ... < 7 years,3,male : married/widowed,none,1,building society savings agreement/life insurance,Young,bank,own,1,skilled employee/official,1,no,yes,20,0,male : married/widowed_Young
... < 100 DM,36,delay in paying off in the past,car (new),9351,... < 100 DM,4 <= ... < 7 years,2,male : single,none,1,car or other,Young,none,own,1,skilled employee/official,1,yes,yes,24,0,male : single_Young
0 <= ... < 200 DM,40,existing credits paid back duly till now,car (new),14219,... >= 1000 DM,4 <= ... < 7 years,2,male : single,none,2,car or other,Young,none,own,1,management/self-employed/highly qualified employee/officer,1,yes,yes,25,0,male : single_Young
... >= 200 DM / salary for at least 1 year,15,existing credits paid back duly till now,radio/television,2814,... >= 1000 DM,... >= 7 years,1,male : divorced/separated,none,1,car or other,Late-Career,bank,own,1,unemployed/unskilled - non-resident,1,no,yes,29,0,male : divorced/separated_Late-Career
0 <= ... < 200 DM,22,critical account/other credits existing,car (used),1217,... >= 1000 DM,... < 1 year,3,male : married/widowed,none,3,real estate,Early-Middle,bank,own,2,skilled employee/official,1,no,yes,39,0,male : married/widowed_Early-Middle
... >= 200 DM / salary for at least 1 year,30,existing credits paid back duly till now,radio/television,3441,... >= 1000 DM,... >= 7 years,2,female : divorced/separated/married,co-applicant,3,car or other,Mid-Career,none,own,1,skilled employee/official,1,no,yes,22,0,female : divorced/separated/married_Mid-Career
... < 100 DM,24,all credits at this bank paid back duly,education,1355,unknown/no savings account,... >= 7 years,4,male : single,none,2,car or other,Early-Middle,none,own,1,management/self-employed/highly qualified employee/officer,1,no,yes,39,0,male : single_Early-Middle
... < 100 DM,46,all credits at this bank paid back duly,furniture/equipment,7673,... < 100 DM,4 <= ... < 7 years,2,female : divorced/separated/married,guarantor,3,car or other,Early-Middle,bank,own,1,management/self-employed/highly qualified employee/officer,1,no,yes,37,0,female : divorced/separated/married_Early-Middle
0 <= ... < 200 DM,15,delay in paying off in the past,others,2771,500 <= ... < 1000 DM,... < 1 year,1,female : divorced/separated/married,none,2,building society savings agreement/life insurance,Young,bank,own,1,skilled employee/official,1,no,yes,25,0,female : divorced/separated/married_Young
... >= 200 DM / salary for at least 1 year,34,delay in paying off in the past,car (used),2668,... >= 1000 DM,... >= 7 years,3,female : divorced/separated/married,co-applicant,4,real estate,Mid-Career,bank,for free,1,skilled employee/official,1,no,yes,49,0,female : divorced/separated/married_Mid-Career
0 <= ... < 200 DM,24,existing credits paid back duly till now,car (used),12579,... < 100 DM,... >= 7 years,3,female : divorced/separated/married,none,2,unknown/no property,Mid-Career,none,for free,1,management/self-employed/highly qualified employee/officer,1,yes,yes,44,0,female : divorced/separated/married_Mid-Career
... < 100 DM,19,existing credits paid back duly till now,car (used),3169,... < 100 DM,... >= 7 years,2,female : divorced/separated/married,none,1,car or other,Young,none,own,1,skilled employee/official,1,no,yes,24,0,female : divorced/separated/married_Young
... < 100 DM,14,existing credits paid back duly till now,radio/television,1275,500 <= ... < 1000 DM,... >= 7 years,3,female : divorced/separated/married,none,1,car or other,Young,none,rent,1,skilled employee/official,1,no,yes,24,0,female : divorced/separated/married_Young
... < 100 DM,21,existing credits paid back duly till now,domestic appliances,1833,... < 100 DM,1 <= ... < 4 years,3,female : divorced/separated/married,none,2,car or other,Young,none,own,1,management/self-employed/highly qualified employee/officer,1,no,yes,25,0,female : divorced/separated/married_Young
